cb_2020_3,PC01,PC02,PC03,PC04,PC05,PC06,PC07,PC08,PC09,PC10,PC11,PC12,PC13,PC14,PC15,PC16,PC17,PC18
1400000US28049000400,-3.100732364669646,-3.9941404439634436,-3.6650685712730864,-2.298993319108561,0.6289941222990587,-1.2650071959246765,-0.9359857631250615,-2.6737354075098114,0.8029197956546693,-0.6739814471705734,-0.3276690617810693,-0.6184638613038476,-0.45920744546886133,-0.2511471376688137,1.2193917750110028,-1.2627779922883162,-0.16599106884855064,-0.9634925791325359
1400000US28049000600,-3.209704911341199,-3.7048625853541055,-1.9918185157519197,-3.651741091350616,0.959469530250503,-0.9351453813143343,-0.9461544409366831,-3.0413726431227217,0.2684593227381104,0.5150641145454983,-0.05741460400991014,-1.8481238882511548,-1.646397395481843,1.2846253399868037,-0.242193120868673,-0.03305671776864666,-0.7020596701089128,-0.753151883022794
1400000US28049000700,-5.684530175487514,-3.9195570080507847,-1.0697666524345855,-1.4397374327510675,0.8783310864779654,-1.3940876981821921,-0.34166143335347604,-3.00572185441133,-0.8302576064125359,-0.013055638558148425,-0.8107317719291309,-1.4361584302162866,-1.2730445201194744,0.8529435799057067,0.1705121460042155,0.5414140311109902,-0.0030483512575576904,-0.3617729984883642
1400000US28049001100,-0.8227095660616267,-3.7082820862288295,-0.9029194955329934,-2.620752023327215,0.5150209303793802,-1.4162158542380614,-0.9491552314765627,-3.774472697383371,-0.5685895464555683,0.26896250778621544,-0.29381467235996184,-1.595398641242386,-1.990553484179134,0.22518699396579434,-0.9335014516367623,-0.920364969785362,-0.9634535740975186,-1.2890784397254396
1400000US28049003200,-0.9988042756052037,-3.6294875431942026,-1.010161349606867,-2.182549715172734,1.0911751198013255,-1.3568800837974662,-1.0425459438475992,-3.467017923456158,-0.7775305792561938,0.0947738674800594,-0.3349441292503489,-1.8396933494126755,-1.9420313966144938,0.1989369663377233,-0.28200933006507173,-1.0419843894844154,-0.6485916873096434,-0.7775702171042079
1400000US28049003300,-3.853568191154175,-4.127892566078439,-2.75402393926494,-2.5817673367468026,0.8452837546593828,-0.7090210575461036,-0.7316250402745096,-2.326327590492095,-0.09963292887881019,-0.3996810436399186,0.6117456175974951,-0.35723649517889894,-0.18252810135571773,-0.30805862819468477,0.9546581505566907,-0.5097925146008371,0.005571129269293016,-0.5726422346452041
1400000US28049010804,-4.249227456252256,-3.658251634677267,-0.510564604437508,-2.229126809064582,0.8691171147760197,-0.9043760847225222,-0.8498317365209104,-3.8700366034142935,-1.4087299161115996,0.5644321172679359,-0.3526580803880527,-1.3256876607000923,-1.5896577043050255,0.6435306253214459,-0.009238996176702208,0.48152713878130426,-0.06691707708871956,-0.11634677284632011
1400000US28049010805,-3.766053106844845,-3.675431162132164,-2.351340414219015,-2.9184857087471903,1.0047823918738497,-1.0458028419948033,-0.6744101863889201,-2.5614930035243657,0.24421706077537225,0.34633568032200046,-0.669044977924577,-1.0447442142225256,-1.2365178560207402,0.5563329824731034,0.3630901508545638,-0.10343950025332294,-0.7092654810170073,-0.43824333312251795
1400000US28049011002,-5.240106370857647,-4.066606849918073,-2.0297230989467563,-1.8593652177388422,0.8702754357666839,-1.3821501477233271,-0.6342584751970927,-3.1461199592911626,-0.2611905788331407,-0.1286887107732413,-0.0353815904655119,-0.16548937159950725,-0.49671788301325526,0.5268903983946116,0.8994788079416836,0.2948613917005767,0.15390649945148252,-0.20232027028584892
1400000US28049011101,-7.22727942725399,-4.37047920217771,-0.738265039009675,-1.0583010946975533,0.7192992491864648,-1.792900384434862,-0.5088957767620939,-3.382755912932881,-0.7067873775691165,0.04405812645299423,-0.6265921082080942,-0.5599892099417603,-0.3437004156901946,0.6868533840977501,0.7214554089571212,0.9407127398638786,0.5138558347755429,0.17485609398733623
1400000US28049011204,-7.966841928149997,-4.784310916784226,1.5483563030279504,-0.8481777510893382,0.8393726567905081,-1.8620916489410813,-0.9213996502932964,-4.166525844256497,-0.7133092519325536,0.9452804382640625,-0.6506974191695464,-0.8382535478255717,-0.6014271536455421,1.4817794550960375,-0.08255379579544275,1.703160252258768,-0.18605673580196455,0.9053238242319777
1400000US28049011400,0.03401508354541819,-3.3406248773530414,-1.5793149521568237,-3.141344587741899,0.9264141935222708,-1.0967543993915554,-0.31047344226684015,-3.084295097443794,-0.603197720595543,0.12264571931007025,-0.17827636391683258,-1.537643993150324,-2.124362429790475,0.13086556009018613,-1.2906017831534076,-1.1664633627640866,-0.5686821289317844,-1.2007597326664083
1400000US28123020200,-6.84100448220632,-4.528789090912592,2.5746475024636277,-1.156771015630624,-0.8829438981913722,0.3374760172491247,-2.6569350109818566,-4.599041693298803,0.315272631604464,0.2081479418224879,-1.31609286017393,0.09822204498878973,0.25234421340336255,-0.021503623674050162,1.423135591575062,0.46788298501972136,-0.6081819536996711,1.6878826105481224
1400000US28121020216,-6.333739316247572,-4.646699946621262,-0.29793986014135226,-1.5098301678546662,0.24602413389701214,-1.2878191286153269,-1.1590923870160144,-3.1604846460575873,-0.9441346970731463,-0.27545531294615516,-0.3858237434352977,-1.2549243136459665,-0.47378721957024383,0.385098555697154,0.7773866084219505,0.706333275375229,-0.05283701748229914,0.19666320101403043
1400000US28121020219,-6.891105159496885,-4.51001735024769,-0.6421658272481686,-0.9242825945879891,0.5742050941193434,-1.324359413297522,-0.5545132796655428,-2.6642360216069636,-0.8776580611298795,-0.4917902392312668,-0.5426645627271048,-0.645850014795439,-0.5702418745610336,0.3242980709000007,0.8731129977600833,0.980208038089928,0.1567219411241699,0.3105881678255765
1400000US28123020301,-7.866579718324694,-4.6088757650887135,0.623162914058613,-0.42845387422959863,1.5343692943324057,-1.1759673098591834,-0.8708142487359759,-4.114640828983153,-0.8861231222844399,0.2884177425148714,-0.2575410318636676,-0.2586941881854917,0.7823167718923052,1.1325848357507375,1.9208491149472016,1.4098407765524954,-0.10141982316391218,1.2790996459679933
1400000US28121020401,-6.450306189499991,-4.548577407162512,1.614171647405121,-0.19528286044827828,0.2333618451833038,-2.861797176329938,-1.0549782974168511,-4.406070543258305,-0.36672067860328184,0.6250735430892759,-2.038424529716692,-0.8512530712527565,-1.153951949189036,0.8810634460086176,0.46211844477379693,0.07376177695126307,0.07084210436180834,0.6306412806110888
1400000US28121020703,-3.5111102000018635,-4.217054241854517,-0.977748782035918,-2.4216668913515123,1.0001735594883738,-0.45214859805117774,-1.3418517628242894,-2.8355687915703798,-1.388194077159177,-0.1133684325336973,0.750998233272854,-1.4976942809333496,-0.5912795263946473,-0.24054310150644054,0.8063637200010896,-0.17734925778715832,-0.5412387745497593,-0.2438677529583772
1400000US28121020804,-7.194724323590422,-4.680595153745064,1.1424653030136407,-0.758402368065294,0.5731814595432855,-2.1864353282810236,-0.7462118933447334,-4.086010620259976,-0.863472988024955,0.7605385283379424,-0.9446464785895354,-0.5905559049991975,-0.481229285068699,1.058528185560761,0.2914561481746041,1.4051333245257607,0.17524963811073646,0.9076113873136958
1400000US28121020806,-6.048366341370931,-4.702796864143336,0.10993767289819172,-1.976015299607604,0.6863358866407524,-1.3719043749987572,-1.1278781971221359,-3.681700826791867,-1.108609876423295,0.37253702187439486,0.23926862673482824,-0.4925845366635583,-0.48633687727019104,0.5938333739738302,0.4671381590770568,1.0506184042217521,0.006356030019792082,0.5411537486943705
1400000US28121021003,-8.290923697493566,-4.758449142961048,0.8659245485921356,-0.04515102131819061,0.6742080064192858,-2.2113497810473963,-0.46304810109110195,-3.5033395474443747,-0.7676676957716277,0.4008581247892827,-0.6898070670262524,0.42521632888253025,0.31167416963211925,0.5919621583461889,0.6659457815895109,1.4661292480883168,0.3953527548577012,1.0305315803100321
1400000US28089030104,-1.7050395760904828,-3.8603723130382823,-2.877467592909053,-2.8703295656184817,0.9925734301749909,-0.7762579575717635,-1.2126905186598305,-2.52504814887083,-0.011712382252703773,-0.294110133945715,0.4092291083181173,0.28414776951818255,-0.47783929355487686,-0.09664066014552475,0.9505233160632762,-0.6947380280800481,0.40525902070979336,-0.34574440863757605
1400000US28089030105,-3.3017636498238505,-4.112419714774123,-0.9727083649195548,-2.083909168625805,0.6534691616970172,-1.6887340897217937,-0.9095910165916132,-3.51941257474057,-0.8247478411331292,0.07827507140190486,-0.30711759071704214,-1.0806761234786697,-1.1695181508518226,-0.017356202135793364,0.1916557140424453,-0.4495538052495788,-0.43523153657672825,-0.38167098287629353
1400000US28089030112,-1.9716493161708342,-4.031953754452346,-1.1874244187896623,-1.714693530908483,0.8356358274839112,-0.8772082370332871,-0.8392316050586155,-2.772968172039698,-1.7002535328954846,-0.685439730394162,0.46618060450411797,-1.10597210349713,-1.4872074933767978,-0.2973113555726626,0.18003589298284217,-0.8197183711169099,0.507526632890142,-0.39865451498261223
1400000US28089030301,-6.48424451989636,-4.752689227226665,0.46217992993993245,-2.087728697180513,0.40006733122407945,-0.05680511675080266,-1.2382262873984011,-2.601245120632131,-0.2355560207489073,0.13535378643072885,0.018318424099365287,-0.8186733180718176,-0.36392366670574017,0.41203191707661857,0.2590974226142311,1.0620434828167873,-0.45509888651190167,0.5713817087941068
1400000US28089030302,-7.743363085725705,-4.733801265983329,2.1787497912023426,-0.3545548112458494,0.333169381229496,-1.9861329269423262,-0.8709801318068027,-3.157838482720138,-0.5746411004297046,1.332907067823869,-1.3121300316824975,-0.10441925344334356,-0.6272553731138497,0.5174128285433238,-0.20269126509496638,1.467668945745203,-0.1936673489378552,1.118065981331774
1400000US28089030401,-6.264787014200341,-4.327224636043519,1.9370155217957905,-1.630406462892623,0.14331186346782526,-2.045774759687617,-1.3779290426854485,-4.304968940946003,-0.8905663492361434,1.7474961316342654,-1.1982201070928524,-1.2306304734421596,-0.9317439947072271,0.8371926028473833,-0.572226150963761,1.0375911471781951,-0.5590991900637629,0.6010587925421538
1400000US28055950100,-3.5126244886721594,-4.946871862877785,6.115801645949017,-0.03429820969512245,-2.6707811421623813,0.34875468630876605,-2.9841294888148986,-6.291040217254814,1.6205795069453117,-1.4134906320148526,-2.9950923319224527,0.33018880870028766,-1.9909405679060173,-1.0749481971561168,0.9130854389989055,-2.1483661346028464,-1.1147062324818184,0.4086280197327929
1400000US28129950100,-8.332935298884045,-4.561794265408929,0.3045555704277351,0.27774167052072646,1.4131008285779922,-2.619123549297724,-0.6022497898303331,-4.560251528524904,-0.5342587152055684,0.5013286116575871,-0.44657555501852003,-0.2029319818909735,0.5356588553554825,1.0691369746904278,1.3089291846292785,1.2042258010758649,-0.296403413258359,1.7883146708383497
1400000US28129950202,-8.907784306843691,-4.725369726141569,0.4269409072891311,-0.21998975412630756,1.7198612491994938,-1.7406486876578102,-0.030535637415986604,-3.794851113754751,-1.018712466901581,0.7584397470461142,1.0754793189017746,1.4931631945182253,1.8323598962759826,-0.11673449638364138,1.3787401932294057,1.9796035366556066,0.12475509076247326,1.691267354879677
1400000US28163950400,-5.3010877171727175,-3.8116239138809234,4.240096589713815,0.3703474249294543,-0.4271285492948352,-3.1895016944187855,-0.9346656995288447,-3.4514242359131924,0.5458323959932389,2.1142265313684563,-3.7611644190678355,1.09605327157949,-1.99948235855582,-0.3976076495601453,-0.4433636373597133,-0.9768534796913589,-0.9513823559087017,-0.2400824581059118
1400000US28083950400,-5.05031195681496,-3.175931115748326,3.432163823547408,0.995296005533451,-0.9532529140534666,-3.7571898473070693,-1.9244336166035352,-2.8373095383409783,0.6167653968405672,3.3050505930657006,-4.231864528802147,0.825543593053892,-2.1590667986220557,-0.8981398332471353,0.19623051153639226,-1.6781910911363038,-0.6187406204237977,0.8177335441020748
1400000US28127950402,-8.01857075404367,-4.756178561502938,0.8474729150914128,-0.2665602808023415,2.174302392132551,-1.6392499963842073,-0.7277260242480721,-3.9229783558885565,-0.9578791251672054,1.027695499816917,1.3114907030312064,0.7387152327585889,1.5321324155124425,0.15792830466170593,1.1741722989834622,1.671927019694393,-0.5038939011942105,1.9259221471428485
1400000US28127950403,-8.147125753441236,-5.104007441958488,0.5899909890194288,-0.48289593653296836,2.211426014029702,-0.9143003627870386,-0.61662409990586,-3.329286113941941,-0.9315476324406755,0.6408740127194203,1.8391839149901152,1.12290644670894,1.86461870581415,0.04858617129794718,1.2714990793506438,1.9094383794077725,-0.5268769792033863,1.6536368073478929
1400000US28163950500,-4.43363826412573,-3.8035567590633503,1.217312709501783,-1.763290996532818,-0.17981406188802512,-0.812324493806507,-0.7981669047047398,-2.379112306645628,0.09834734256310629,1.197591867230667,-1.5674607933214273,-2.163031341475456,-2.395038301289551,0.8518985954813652,-0.2794641188560043,-0.43314341539882517,-1.3675804428884342,-0.5561558977396185
1400000US28049000900,-1.9847354235283192,-3.7390609625569673,-2.7344634224122943,-3.548729878496005,1.0557808507515258,-1.6518043133530627,-0.8674064461040156,-3.201620131434473,0.7880028012871935,0.378939782864727,-0.54014183494174,-1.4290894273402712,-1.475437250557864,0.7083816508024515,0.1569271143597869,-0.5398716682622322,-0.9044507747833309,-0.6389938941304527
1400000US28049001200,-1.0922894037107993,-3.823898317130127,-1.4355030944058365,-2.462339284108133,0.4098418425452233,-1.6137981151012246,-0.5358326368968627,-3.2334853363261944,-0.365343354645731,-0.08886512987033816,-0.12877808930950457,-1.5985229880153098,-1.5432866702217243,0.3689737790195352,-0.6127579793225528,-1.1994325540215585,-0.7463385400172738,-1.397193211781633
1400000US28049001500,-1.7828985939827713,-3.8458532095390154,-2.809881228083392,-3.04585181916918,1.0805154302508326,-1.263390160713612,-0.47056034024974763,-2.4731135699005775,0.6193259299148597,-0.39385558737546267,0.08486261274227269,-0.9673329179142641,-0.970926229585005,-0.17029238422518667,0.06512851616873178,-1.0932127243146832,-0.421306742142562,-0.7825511800752839
1400000US28049002200,-3.941927172903186,-3.393258061313773,-2.793490864314894,-2.2911109020673237,0.8145387744473906,-1.7109097519590366,-0.4465555610751453,-3.3378159656982094,0.46216204021169993,0.07720219374844481,-1.0436687515939116,-1.5296234251081002,-1.4291497506116562,0.8081873357677491,0.6785400018405775,-0.7460053987803279,-0.6017416143521757,-0.5932058802751274
1400000US28049002500,-2.1182693922062725,-3.673198015720986,-2.322481568466278,-3.0770695563741968,1.0065461999633885,-1.412440565506483,-0.6206788869347899,-3.1611610575401246,0.21169045279288537,0.28913657776194174,-0.1302186523415026,-1.6148399636324224,-1.8657878389950884,0.4260177600543533,-0.29613482804848,-0.8600459672579984,-0.8742144227859624,-0.914283935131245
1400000US28049002700,-2.11615664392236,-3.8827845550757303,1.3350516721028847,-1.4571879018067329,-0.13352573074926943,-1.7000443124793048,-0.5352187335605739,-4.513745762220528,-0.3165026829753226,-0.5753346995242445,-1.4513701812384951,-1.6491631011443382,-1.391989302714858,0.20837817626711647,-1.1463204390078403,-1.1945774665722697,-0.3034651744264616,-0.4087425843109597
1400000US28049010202,-4.3284231796144566,-3.7563694477158416,-1.989754594372106,-3.0848194114663263,0.6174876288476968,-1.1244583551026337,-1.1677547571385487,-3.474146707654933,-0.15521400844348351,0.4067712358225461,-0.40363936870208544,-0.93283255247911,-0.5851510233104255,0.5875879948340965,1.0697158407373966,0.26678473739792036,-0.08994005558480399,0.024616596344386066
1400000US28049010301,-6.678888809188872,-3.9180173105884193,0.17978571739871022,-1.05835410989055,0.47493421248172646,-2.13797582828592,-0.5115444539659413,-4.194472147028257,-0.7267456111045973,0.7767039056900474,-1.347256558640161,-1.3136674246620879,-1.3450654780984368,1.4142139683336015,0.3588040448172719,1.1937422409803475,0.46542658133055215,0.569545515701396
1400000US28049010501,-7.973446879941809,-4.5505286652980015,1.6157696670943962,-0.13846288565924877,0.26711730312888715,-2.498948220799219,-0.4889142233134888,-3.8343254154474833,-0.7698289772593345,0.9489456676701773,-1.7175008959939613,-0.4742863545951803,-0.7868383939722173,0.8728876686807121,0.2575495648992485,1.4493974170476278,0.2734383777629784,1.060447268065971
1400000US28049010502,-8.14774192468375,-4.766768910152564,1.876832576550553,-0.30482108358988086,0.25586836951649006,-2.0925733445928563,-0.7584124748481444,-3.078766576445465,-0.7575014632593411,1.4367416247198077,-1.1655775843879523,-0.04313568257189673,-0.40953959861141087,0.6097288625008166,-0.16677040441857072,1.4280713724289218,-0.1726963426602355,1.1410267103158387
1400000US28049010809,-7.913196133023918,-4.409268868439547,0.06715830783963883,-0.6469492471880552,0.654132311413563,-2.0780705508597714,-0.23213507955755755,-3.3168588340306964,-0.7119259745997486,0.18304080688001112,-1.2379816885549841,-1.228855468160023,-0.9939780616708223,1.1107974032469181,0.2009781016287806,1.5028269683370883,0.1310598473370401,0.331393081061647
1400000US28049010901,-7.049433145963388,-4.307248074164022,-0.19104590943784497,-1.0968522651198411,0.7131371046160541,-1.3320045375086407,-0.5365311523279471,-3.4142131634063535,-0.8520202204210924,0.28908211500731995,-0.6192467835675283,-1.2675716602655576,-0.9240010888732539,1.0033439322421507,0.5519104547397593,1.1703422159119043,0.291967450479651,0.15112860774353365
1400000US28049010902,-4.167756187905342,-3.8653501204645355,-1.129278706654001,-1.9663434582142651,0.6062026435816439,-1.056390221376361,-0.6719892969702356,-3.055860432011603,-1.2534439880135395,0.13940594786826582,0.42259451666334796,-0.9522779305155691,-1.2924174252878753,0.294092193997555,0.18293160912197431,-0.003829724899645781,0.1081094202612884,-0.408344298467853
1400000US28049011500,-0.4363518358649716,-3.4114004064235903,-1.8390532481840633,-3.272758503872747,1.103997230231368,-1.1811796023787589,-0.6941997531000753,-3.1166501478993354,0.04751329192888311,0.47729341497252725,-0.02061127500056419,-1.5838468783931259,-2.0955701589116136,0.28341984695177014,-1.059572643774829,-1.0994073121629875,-1.4095326252335214,-0.9764402287388858
1400000US28121020208,-4.700275538912583,-4.148193211817001,-2.1783964167337166,-2.8350730739168006,0.8358130381900398,-0.7912790643745159,-0.8477627981102424,-2.784573121159349,0.1337148067366493,-0.09259355444125966,0.19091748531694863,-0.8351622503455243,-0.31487083019960116,0.54261946641518,0.9935690978389903,0.26282390594311933,-0.3611968245968322,-0.2663265686312571
1400000US28121020210,-5.398499637548288,-3.957691292752963,3.0494741726979697,0.0832141016471415,-0.5207454820418709,3.397358522997796,-2.9707081207957637,-3.892928204090781,1.674091567608619,-1.1107476503411808,-1.2709795835321172,1.968054139838732,0.0704305731539342,-0.4821586125337777,0.5644343622301522,0.7195204292510813,-1.0353592200754986,0.31069753369753994
1400000US28121020212,-5.035695314917051,-4.282697879431075,-0.5984405132282943,-1.6406712721234669,0.7333601571380158,-0.2386161362949144,-1.4296545453107175,-3.1382281980732936,-2.126998296810301,0.11329810651291597,0.5579367605540432,0.36900638621069665,-0.06277094264233807,-0.10827148874101944,1.38998013215888,0.3836601021069162,0.2614850739875834,-0.35847504602783453
1400000US28121020215,-3.7932657586060166,-4.399828756949227,-0.7890720200706476,-2.544877829622888,0.9015384336873483,-0.5657225842929824,-1.4515445065963204,-3.066321200954088,-1.3973891830972385,-0.09797503970332484,0.8485484233840842,-0.855128680471447,-0.5755941212821146,-0.1090563752934875,0.6999602172153034,0.13581475049889719,-0.1754048298571878,-0.4400830984044023
1400000US28121020304,-5.30650277224071,-3.94920192669155,1.5592069024164668,-0.3813735989324768,0.06863763296066144,-2.694855789421616,-1.2974279733266751,-5.371604074373748,-0.6608418469872799,0.8405417815543419,-2.324179897683001,-1.0814644880440951,-1.4041889668636012,0.8716902864940727,0.36467729317628084,-0.23284392812624,0.3066254346304126,0.3757906941265564
1400000US28121020803,-7.829511048304382,-4.725042239859932,0.5328538695677016,-0.02069444165598314,0.3538809174213584,-2.456692505860499,-0.5876290443540724,-3.7579585585606003,-0.5943740654563472,0.035624517398347315,-0.9772234829500255,0.2531443705978783,-0.059268523864877354,0.4920156694968478,0.9548506281088442,0.9963282196636297,0.6097199436040388,1.0821382990211612
1400000US28121021001,-7.99420587585057,-4.774546578013263,0.3767278809760183,-0.6649924751905548,0.7736015411484385,-1.7933699849996363,-0.5115472350742485,-3.0796691515543917,-0.6749090947872506,0.08747588972942827,-0.5357422738064995,-0.7914234315201466,-0.502796959806631,1.0508544265592008,0.21355078679269957,1.6351771167257012,-0.08627190370789814,0.726871011719014
1400000US28121021004,-8.11226650350045,-4.77296745863056,1.2286296071090856,-0.6307906237189269,0.7046420419662442,-2.117745854048747,-0.814706665835027,-4.081315944141335,-0.8449824456723792,0.7872689106446622,-0.5804194788811294,-0.2965902860105361,0.08156780830479171,1.0762893002963145,0.47237724285374627,1.629280826205881,0.13098496955052677,1.0740074265022665
1400000US28089030208,-6.376166877322465,-4.282723881934858,1.9412211630225238,-0.8437409832795199,-0.17501621196206765,1.6431602148644315,-1.9083375673393104,-3.5140973988974302,0.6573357701679787,-0.6945796916698774,-0.6408148691624056,0.6947980801937141,0.19196113863296355,-0.06083443369269598,0.3921283957923577,1.2521926578710136,-0.9169433820803334,0.35176597138467025
1400000US28089031000,-7.921322627984788,-4.794355332383818,1.2248749654583502,-0.1949094844644068,0.228032391114628,-2.206169564741115,-0.49143460918175813,-3.5018866733063025,-0.740918073761542,0.7661022812493081,-0.6087737962399454,1.7967371051096246,1.2573517616178094,-0.2354556915631113,0.9620866753174413,1.6228403368556095,0.9290723099555059,1.1661157059153753
1400000US28079040500,-6.210497395323226,-3.987014747015657,0.5413955726905092,-1.6307545507206427,-0.14397547522629886,-1.8178361170834203,-2.9511735915786703,-4.779149409060334,-0.2255993474926907,1.419595743096832,-1.891949748085306,-1.3867087782451484,-0.7454140080606206,1.0725835316673895,2.586300175804203,0.4786784373327677,0.3705674801778434,1.2844445473860788
1400000US28007060300,-5.739569996864245,-4.577332249208587,3.303479064194695,0.7163761752757871,-1.4841036687583458,-1.664294631853044,-2.014174173665004,-5.026582362076587,0.06453025141664141,-0.06770509842667652,-2.91076347131703,-0.37608167996301284,-1.584701221779728,0.3097253377902029,1.3537761435913296,-1.4161783975892248,-0.15012854512132726,0.9902613985002862
1400000US28051950100,-8.138510869319038,-4.311388893369479,1.2350241507494688,0.07483193666754266,0.21985566452498675,-2.060717081914082,0.06869379353100748,-2.7636806911786516,-0.7639407593740145,0.8030376976172949,-1.5247611017281615,0.5178648994322081,0.10171053665029561,0.37350006320352575,0.40551843175604185,1.515326912602258,0.5750056553380315,0.4717069118836283
1400000US28149950102,-5.837430222264478,-4.546067674521997,3.4441713449567346,1.7818599686157348,-1.0764624818103945,-1.8155843635560398,-1.1520462199813806,-3.730529739757564,-0.2176291826165642,-0.7759102614128689,-3.7146243409464836,-0.49178325900272624,-2.9442474852544525,0.8883053822307141,0.8618279175778504,-1.5023375065364069,0.32147805944626096,1.064329662892478
1400000US28063950103,-8.84933523099179,-5.025739116439886,0.9357783731867646,0.19392968081449935,1.3344388371363283,-2.141700447565311,0.1960960243417093,-3.128426731315841,-1.1394156687759904,0.07637586666409495,-0.2023103947735243,1.3831159677255958,0.5768494912996858,-0.08739278869177619,0.7458328730633572,1.9117852765793288,0.7566629280354912,0.7593437709105977
1400000US28127950301,-7.913053919934074,-4.946436878605843,0.7770588827547114,-0.12445081709227762,1.2037267873659925,-1.8534081409127527,-0.6664549528512359,-3.99878292922404,-0.9965678917669326,0.3983624746125645,0.20345465277306177,1.907391655546857,1.3595187538311988,0.09260611935134028,1.440113975952343,1.4774687886150397,0.7477082169941562,0.8035290259268016
1400000US28029950400,-6.947605611159905,-4.59286134064519,-0.5856452082001312,-0.7982664051069178,1.7414539936069247,-1.5710461901195785,-0.193902639756565,-2.7782825263993782,-0.663381068485973,-0.29755285074110505,-0.08509299810106441,-0.760543261113039,-0.669512898258056,0.6129063056082569,0.666715893934931,0.8517758774011488,-0.2618164914497734,-0.29096369106611847
1400000US28127950500,-6.422310325076713,-4.816256444897084,-0.30288400852890146,-1.5035439726283597,2.155417929170302,-1.0201054848411033,-1.3235984772949403,-3.68506966634776,-0.8741191307034155,0.5533351200647691,1.7485039781164669,-0.8279359588857251,0.8069409251844425,0.46870392142224027,1.4230498226297552,1.2729418917764606,-1.0038726531055533,1.5428493108307868
1400000US28149950902,-5.183179499571304,-4.410965553041152,4.061321720623786,1.757640767314292,-1.630057455066332,-1.4970876183423478,-2.298466179424195,-4.5715992623835,0.12259024868229969,-0.5527968675933862,-3.5840224941901497,-0.6388682956844316,-2.9471480743466505,0.7786832931230294,1.153397237811585,-2.051964728040769,0.35015107311977917,1.5529155900899496
1400000US28049001600,0.4893222204549943,-3.6242314111290908,-0.8715699153177422,-3.0543165326347563,0.37910272745555884,-1.8279522060778421,0.6106065361793513,-3.0372078860095852,-0.03918784493574802,-0.7936151807777014,-0.09716591605546476,-1.2550856453657675,-0.18177479827837628,-1.144920629876693,-2.3473648573642927,-1.3238196686760868,-0.5380245577573894,-1.1328286490346917
1400000US28049002100,-3.498829884693149,-3.6379458254835875,-2.1480334190106247,-2.6851281714479596,1.078083295608673,-0.9875059101471092,-0.497613010803746,-2.841655026966237,0.11918289330972948,-0.051317880863715186,-0.29407920898355777,-1.9110254767905577,-1.3451786902271545,0.4696425857421166,0.07339100339434701,-0.6254223260649795,-0.8474516680077118,-0.5481384580519822
1400000US28049002300,-4.8342596620379235,-3.5162894623056813,-1.6110130938079397,-1.7575056022435174,0.9491572038527588,-1.6633311373867443,-0.8919637480831324,-3.937987108989811,-0.6279798510050619,0.30968254577376464,-0.864363937980472,-1.5430174561087708,-1.5910596498289291,0.9942469495888955,0.6191359921356195,-0.05290720397398571,0.19861549442341994,-0.16104872830790298
1400000US28049003700,-5.758477713737477,-3.808602786415952,-3.0884207955541596,-1.440275586432561,0.9718539750077138,-1.7355857759674584,-0.4797441468588993,-3.094897675579343,0.24743077381153333,-0.7467623965357513,-0.9504483681489322,-1.1425072204722053,-0.6089588758543358,0.6986799253993982,1.2962666971932675,-0.12469614608584842,0.11450900747431945,-0.30298746906371127
1400000US28049003800,-5.374777827564091,-3.8535477706052075,-1.98705563922765,-1.280635527413277,0.8423014923777147,-1.623852108116928,-0.21356305516112165,-3.023096807058436,-0.21567039287039827,-0.5861275089792989,-0.8656697986531926,-1.4943911523533275,-1.3509942309675016,0.8816737009635685,0.8289806704158054,-0.21704621290037332,0.10436253945346693,-0.37399720238680034
1400000US28049010102,-0.6791444765336971,-3.666788348742432,-2.9631770088823735,-2.8149312687197017,1.0151896493639143,-0.8370575741120125,-1.0454706015352504,-2.52299197726247,0.29324377329038853,0.04111229884254859,0.38650774706343216,-0.1065225287894793,-1.031858817627206,-0.37006056583710467,0.6595172182109754,-1.0412705291636972,-0.3678066492588929,-0.39534661539655536
1400000US28049010104,-0.6353029417028743,-3.295665576944921,-3.203155114323862,-2.9710048975971812,0.9892282895168983,-0.286108055363072,-0.6802574293005235,-2.3886224122530613,0.4291485014501598,0.13342072921446557,0.13067216107397114,-0.14113921207010574,-0.9694119485172712,0.07994430527586205,0.9984429411942171,-0.9134498078796169,-0.10973797801282256,-0.3464985547929689
1400000US28049010304,-6.139421766806953,-4.01345833969931,-0.42175549201044954,-1.2232299473798074,0.48884281529544715,-1.9497792981053053,-0.47070108314979314,-3.3325152594530523,-0.4298266704289793,0.3619381658119852,-1.4928590677467866,-1.0785427313183222,-1.5427823036335142,1.0050510430342887,0.3275995482094253,0.5363409541336819,-0.028940167639968643,0.3958180420333841
1400000US28049010700,-8.348606729253824,-4.6152110178322,1.3900933116670084,-0.27046578456841064,0.3723646522643309,-2.0052644232597725,-0.6460572998655243,-2.962691118047665,-0.5871826647232173,1.2755536640992604,-1.4359117106660713,-0.5949899343290241,-0.838437516303281,0.924211627351383,-0.3330628119797656,1.3270354899342869,-0.25773113703102735,0.810962311556512
1400000US28049010806,-7.494196095367891,-4.30955143114084,0.3787977192758038,-0.46207789997901905,0.2876001017715473,-2.112764322851023,-0.26153021326902676,-3.499351365422941,-0.651599977788071,0.2947065093796812,-1.6740831400419518,-1.1532267782785206,-1.3054743426804767,1.0997718394799993,0.19247869920837535,1.1730740259549797,0.25115226522084666,0.53347466608759
1400000US28049010807,-8.314628163762665,-4.557104841897167,0.6787772773776395,-0.5519038418349284,0.6508769923053193,-1.943558095017924,-0.2372700239211627,-3.4838797139378177,-0.5770163596891761,0.40439113093359874,-1.4868600034227784,-1.3339141532442793,-1.1616233080531262,1.3338744978720976,0.04298451895372435,1.760436613035747,-0.05404798271232643,0.5686377407625225
1400000US28049011103,-5.714032302301656,-4.180149258234812,1.1115208494552873,-0.13131772505053238,0.187337027554823,-2.743161984645899,-0.8717445944094949,-4.779002430994851,-0.49039529252817143,0.40089566921973085,-1.921294321433588,-0.6217767888923057,-1.4698965270580289,1.0651301700744318,0.35299164948416817,-0.20245677046144372,0.5666839295082181,0.5314481059205315
1400000US28049011300,-8.759194417351297,-4.697589965654388,1.0990799652511147,0.3289581540904697,0.47068528870016585,-2.445535004821767,0.24920180635457254,-2.6965646887306085,-0.7130157847369066,0.5459513777053514,-1.806770758854355,-0.2915014362587154,-0.9450391049250657,0.6322106745707523,0.024760065215009064,1.5169551211966823,-0.08028961174703152,0.6295146932755348
1400000US28121020103,-7.843673993576088,-4.716504281265156,-0.004120458961693013,-0.7451754379955288,0.688439590459485,-1.0991969419718304,-0.5848650795647674,-2.7010178134772405,-1.0590979014423008,-0.3085407937950083,-0.5571065017055302,-0.7596000204769201,-0.6542767733907783,0.7578299677730189,0.8276261645710995,1.525617334664661,0.09116879745057983,0.17447054885743807
1400000US28121020209,-3.601523968527089,-4.188840104866063,-1.3526817221047196,-2.278757738642483,-0.5350889481136413,0.8063689084186209,-2.129753781129622,-3.497786723836806,0.33913162127699975,-0.880052444550625,-0.15169902442329053,-0.19357011766524557,-0.46122849735236277,0.3628404938849207,2.0094378160677144,-0.7484280912468396,0.2935969989406429,-0.2980032332540685
1400000US28121020214,-2.3952789388141147,-3.830389450691015,-2.1546743825345254,-3.36660220128932,0.710401674510735,-0.7528731905577092,-1.5900975982927017,-3.2776970622876513,-0.6011703403437514,0.15217745673798036,0.5142894797768812,-0.6609690930309488,-0.5505283807791008,0.39081787745540064,0.5888726543189042,-0.5158255913303749,-0.11162332877668814,-0.8281472632289425
1400000US28121020217,-6.022074200238734,-4.662176301595619,-0.31283104850811994,-1.1910358537512962,0.6319008401144963,-1.632094964185255,-1.0592534751129363,-3.4828306434187164,-1.0039811615832468,0.04731850923765819,0.03785176632680471,-0.5579941414243348,-0.11366771161837819,0.21274764960572817,0.8717162865912738,0.4558817390559966,0.2594663235705219,0.13483541307174368
1400000US28121020601,-6.0298727578533695,-4.291986322832518,-0.196920131952684,-2.163902767108075,0.8577044471694004,-1.3090403097579917,-1.2057220057022442,-4.099654023913878,-1.2457140283330674,0.5370633385880645,0.37996585853091147,-0.9510438575931295,-0.15707752201919467,0.6529462662436446,0.44452775215383666,1.057257082254566,-0.04110128176449097,0.011916039649146769
1400000US28121020801,-5.900405035446153,-4.568602098609063,-0.7543247994373684,-1.382624592944749,0.9893832265844579,-0.9450357183374171,-0.8929311729897517,-2.7412214217477824,-1.3066485466178586,-0.18252354315739916,0.1448488734572121,-0.7012008171185945,-0.6101100184037376,0.3000507380210307,1.1896872794021909,0.689859384635511,0.20321512523996152,-0.11319194289597208
1400000US28121020901,-8.037814209617617,-5.211216743840302,1.2986646099020263,-0.6898009923604655,1.0105482196893723,-1.4457892355584914,-1.0180471907944564,-4.020671882605611,-1.0084962920455067,0.812093808107137,0.7388493419954706,1.3907905446735367,1.6696247742898218,0.11614699555116167,1.0513113281109856,1.953362463919559,0.23167556966540484,1.7916064089670372
1400000US28089030107,-3.805539996015667,-4.094350914454218,2.3311359677883754,-0.7662179739595936,-0.3977604737197524,4.867501787025858,-2.6600055273137544,-3.527308022647355,2.1990314012935217,-2.3631799950315835,-1.1591679761111435,0.9361075959828583,-0.5733304702958392,-0.5798034941317989,0.5505822934737892,0.1897115202594497,-1.823502958209766,0.2619118367805405
1400000US28089030109,-4.508099336473019,-4.268118014776332,-0.5893014211962952,-2.8938072105892174,0.9187618842656944,-1.0031420520956484,-1.0903548844672932,-3.605585445346062,-0.7173036526079773,0.19661913173816703,0.09104473609905349,-1.5604043323696573,-1.0061577562948996,0.5682062862377301,0.050011370570099856,0.4414098758895408,-0.5407238530232653,-0.13262306021046175
1400000US28089030111,-1.099444299874024,-3.927244757590547,-1.5037912420023132,-2.5260689217551957,0.9338431121521614,-0.3310210209205026,-0.9018592594979453,-2.1427494225377424,-0.9569319419098429,-0.059920406700260234,1.3295142353851552,-0.34410964367564334,-0.9841449003115869,-0.9589193614960303,0.14424672633076696,-0.9695216166958281,-0.05129110423089331,-0.15960002249424735
1400000US28089030900,-7.90119192074848,-4.573298240035929,1.760064569922647,-0.46465925069864833,0.11728465807043295,-1.9387700846962725,-1.2931593749392705,-3.9687454453929667,-0.8048782962919753,1.2407973803626653,-0.7934543560266487,0.766758531561687,0.8379649848547891,0.3330976545294218,0.6267773130987166,1.4434355129167507,0.65106055855106,1.2694233313779202
1400000US28053950100,-4.205999112069247,-4.320622131333325,5.291329547794709,0.2826761032203031,-1.621993511447014,-3.04668821648392,-2.5184370265228777,-4.842750154403074,0.8788683518718403,1.3019860536327357,-4.567780688230314,0.8050715115056155,-2.2204242317579683,-0.9687076438051665,0.7544811404322933,-2.1756085760162254,-0.7210097220895656,1.0625581334528276
1400000US28029950102,-6.140241063048058,-4.966601827113733,-0.4264079807164836,-1.3462421561330755,1.3715504730118377,-1.4900093308964875,-0.713171991306184,-2.9160892191133705,-0.8536254822041073,-0.33413470633540077,0.6042441783455857,-0.8356640112231355,-0.5509614394216431,0.48494012428213823,0.46497485890892354,0.6353316822009444,-0.35136048248652274,-0.2629686109312377
1400000US28029950200,-8.009183542335494,-5.083359354034821,1.2066480920140794,-0.2697180471396998,0.9845375459236063,-2.0135899445562635,-0.5967037771504983,-3.7072040325780753,-0.9667963959477939,0.537997960718494,-0.31321401095547613,0.6150954928306397,0.1976193133542241,0.5497082650891433,0.6832372833884688,1.3885215773669772,0.2756700152523113,0.6943250800461468
1400000US28163950200,-6.9489200315983926,-3.789529332204489,-0.8075221988250715,0.14426529668970176,0.7000557187099237,-1.7688271049797308,1.4235106183685986,-0.7893004116139023,0.03523373116841421,-0.03744797985132713,-1.871417532626423,-1.2253873570442377,-2.362224781593234,0.5965990499381253,-0.3522370418186951,0.5814878839485631,-0.6325387908628154,-0.8609974907584166
1400000US28085950201,-8.227199035835918,-5.347708404014954,0.6354938600199972,-0.5876840952692421,1.2475755167612284,-1.5089444320333059,-0.329350144363361,-2.810518501107174,-0.8594072451320416,0.6379357825029467,0.2520809470532098,0.29687670833353935,0.14722686624887493,0.11865167164918144,0.8161226569958531,1.540159722919854,-0.35380758669038304,0.5049618331728576
1400000US28029950300,-8.197733465116288,-5.1569187506580425,0.8576720176739725,-0.1739604907450984,0.7826146910793788,-1.982233052715356,-0.2320873338478927,-3.2886323523404264,-0.8987073343629226,0.43325682079656436,-0.5721835769868076,1.2110426781970904,0.4241785655507987,0.17613415675165478,0.838604335557966,1.3822057657791265,0.36542772277608315,0.6518774770936294
1400000US28051950300,-4.502187290655442,-3.604899031078741,4.199377813091114,0.6316994867868277,-0.3423688933941522,-2.8775203119524155,-2.6147212244684814,-2.5026511009958083,0.41609235808517964,3.8532907177226754,-3.5810647131926245,2.1218795303536617,-1.816237901219377,-0.6614818065412678,-0.801880991444667,-2.0310360591981116,-1.0572751598334105,0.2580498837791771
1400000US28127950302,-8.225156304037565,-4.8439683552502935,0.6168075484104916,0.04125015221643998,0.9237903551510365,-2.210292015423179,-0.2782189051410879,-3.6513361136837887,-0.9009284760551098,0.25868357207840476,-0.16088794982572632,1.4304347503105872,0.8116248611914958,0.2100589110030649,0.9965068564963994,1.640090266713717,0.7697080852480993,1.0536120174844292
1400000US28051950400,-6.9631161075568135,-4.144274308390216,2.37049934990147,0.5829214084516906,-0.14875115961016516,-2.7340858313932657,-0.29275076145468165,-2.27538476078791,0.016136973285298954,1.7083562031454222,-2.896892001030629,0.852684294237158,-1.2975782004090928,-0.049780250011403626,-0.1593613719941298,0.14456857503983678,-0.16537292031758902,0.3553951313385047
1400000US28029950502,-7.99241241347325,-5.249333535755395,1.1185278296918673,-0.37648159677277265,1.259379328034914,-1.881700352383491,-0.6509390526219376,-4.007855906510963,-0.9151516712498632,0.5565498254614383,0.22763182082630123,1.5211776337923564,1.1713574797516029,0.17122307742361448,1.1629576796671548,1.5358713778233146,0.3975241780250174,0.807422274455268
1400000US28029950600,-8.049346370754762,-5.379240087266269,1.0236290912427821,-0.46360240095494193,1.0044417515632957,-1.8341344868356173,-0.5189921562039734,-3.5248845431326403,-0.9207707915337522,0.5121252212630648,0.06679333052396415,1.5940657313448665,1.1292585685641823,-0.09494644884713421,1.071547500258242,1.5338813823044744,0.5432859938611113,0.8208566257913519
1400000US28163950601,-7.86707268840166,-4.205161250736757,2.2564880723595486,0.2533946935899389,0.054921954569343956,-2.5046332606020023,-0.31214677708080646,-2.6488473379232356,-0.47803766627150085,1.7365275687412605,-2.457604516398047,-0.45769133150876606,-1.1630560146781528,0.5939549901917744,-0.41394589037219487,0.9449938129709063,-0.35194948677964216,0.7513704700001739
1400000US28163950602,-7.9540533819433605,-4.189703915932116,1.8351042237393431,0.6419146352288699,0.11642040660996658,-2.4496468613417175,0.1284304505134746,-1.9138778912166627,-0.5092750984961303,1.3657670991173756,-2.7927466215297456,-0.48449942470592244,-1.7667545392878918,0.5385872840048064,-0.43815448698608517,0.9344834056165234,-0.3011366115474475,0.37840517007216606
1400000US28149951101,-5.289513978021725,-3.934294995602681,2.9099831346165943,2.073353208745891,-0.843154692148707,-3.688067029612748,-1.2756696915008963,-4.875787424732118,0.5751565247708726,0.15170016807550543,-4.202248027007208,-0.46141434224816613,-3.115556723711272,0.8365238298655562,0.7518470010107239,-1.333500841078126,0.47245958106002206,1.4259256293718456
1400000US28121980000,-5.7597124234243635,-4.078667809840892,0.6835841716554188,-2.700903258274318,0.4422889386389885,-0.46550935695228524,-1.143610759894056,-3.89889570171785,-1.371791757562905,1.5465987979456888,0.29946767412155834,-0.7583019701106233,-0.78675452322841,0.8731971950708103,-1.012437346174408,1.2186215944257706,-0.8321539006217017,-0.08172398768996708
1400000US28049000100,-3.350214735020504,-4.045595959357007,-2.9556782619980106,-2.829162623238379,0.5756102379779995,-0.9456879738162373,-1.305077872590046,-3.070902335901786,0.83957560885983,-0.25594718927779075,0.05164546863812281,-0.6340476212990301,-0.3038303106317608,0.14264819057958322,1.3929121092286085,-0.6265170404755709,-0.11320755421249126,-0.5053775064093533
1400000US28049000302,-0.7842668437406802,-3.8868648685705867,-1.6885760836336101,-2.344250459381529,1.0305914778840308,-0.8701837821008006,-1.5340844261795403,-3.2834359473027845,-0.9293160595524654,-0.10790346020191896,0.30088603231562616,-1.0641855069873016,-1.3344197728194425,-0.11329603039417635,0.046344142851645675,-1.1388339896478445,-0.3025518770443408,-0.730412961622084
1400000US28049000500,-3.501143454310097,-3.89145829837718,-3.4954891682585947,-2.5485625441550805,0.611667917946506,-1.245723184858414,-1.0913744381066737,-3.024319152997661,0.5755199931381655,-0.5010490349119997,-0.27408969184476334,-0.7005867654902402,-0.41828769764501755,0.011472286737957083,1.505054764594224,-1.0446560689995879,-0.03629016255473582,-0.8884421028191838
1400000US28049001300,-1.176493455364345,-3.9615541461001307,-2.183292484976888,-2.234087415411114,0.8475962003545626,-1.226279640570302,-0.6816981992997224,-2.753652913128036,-0.13133151877070112,-0.5202702473529702,0.2650737805976845,-1.0881086356936693,-0.9802010365450228,-0.5087290699310452,0.05664705462431287,-1.3478832026083558,-0.7783856560271525,-0.8201158649343743
1400000US28049002400,-2.384161850893546,-3.502889272900694,-2.7772427256897636,-2.969575799963088,1.4403902290787196,-1.5044502080206537,-0.7912705096544919,-3.0374867320252243,0.3794461000614262,0.06560418506776694,-0.3967323254798025,-1.3238896888932454,-1.383287243809814,0.13253032277012522,0.1551117068392147,-0.8038955779567143,-0.6306865699449913,-0.6123257172906393
1400000US28049003600,-4.649315865772115,-3.681061005693082,-4.101861317420001,-1.8907301445054625,0.9136344285398149,-1.5287247803788389,-0.32454158873322336,-1.9686913161575614,0.9621549997693426,-0.8310834183273885,-0.9855920949183831,-0.5809120947617461,-0.5422518541602251,-0.04473703721671285,1.1416746449404713,-0.7391919102116857,-0.082576168337211,-0.7616341843103944
1400000US28049010103,-4.6899305715830995,-3.5712615950219186,0.05916253316503189,-0.655974814595459,0.3281871124313395,-2.406259921605825,-1.0778037982332496,-5.146099126140239,0.22270045679802736,-0.029526378039189605,-2.300091759278239,-0.7716539408500654,-1.1242250663852076,0.5996916504586398,0.9379641795619426,-0.9767514349845682,-0.007048692804329475,0.6284511478016273
1400000US28049010203,-6.5460675996058955,-4.390341972306307,1.0503455982140104,-1.1303998544625906,-0.022354881580024816,-1.2452488509752326,-1.0558606859544586,-3.898645606421688,-1.1388428259446897,0.567585743077106,-0.9465809692242646,-0.7010956362043291,-0.9373110607952484,0.656298864508941,0.2861284570327577,0.9834374089382587,0.3480351334059375,0.31410114173523584
1400000US28049010600,-8.092638161164325,-4.47286250498726,1.7378106860678852,0.5233710034328071,0.16928665815113803,-2.3488098955742043,-0.30304572762386306,-2.4781255410738092,-0.6296382301895099,1.1307929846544598,-2.045577637841389,-0.03694949772715672,-1.3079972531647983,0.5172639090348817,-0.16904626363513375,0.9021849399027329,-0.11295461290257396,0.7723535042710066
1400000US28049011104,-7.007784408732469,-4.584105220605657,-0.25158570116485507,-1.8849725577865009,0.8760877411076845,-1.371054377054803,-0.7810782800930861,-3.4388998099300503,-0.44201000642615834,0.20111899798249785,-0.556982458512601,-1.640124720132958,-1.0191792361439966,1.2301809726100037,0.12297949495202776,1.345093098631398,-0.49543952485493037,-0.011223829450565338
1400000US28049011201,-8.63950237046525,-4.9273492108331505,0.977888351506753,-0.18652360659251682,0.7766870250797794,-2.102351438199148,-0.19404610773240152,-3.508531683383815,-0.8214977933799025,0.5126655104043566,-0.9231129479141205,0.05847417518724352,-0.06366558764231045,0.840627537693726,0.41816053809116727,1.806395674893691,0.21448401825601449,0.8457156227293936
1400000US28121020301,-3.8922551258065514,-3.845050921312013,0.20022039429369315,-2.1811481166377704,0.7517387183660675,-1.9163461459019853,-1.207386805710853,-4.286820240162884,-0.7703062115346442,1.186738917275008,-1.5700657091283974,-2.025568707820935,-1.6664815743372776,1.2451924843502968,-0.1534324547579985,0.21921849457877074,-0.9961052969364219,-0.6482557626766554
1400000US28121020303,-5.316190972305567,-3.5231051649312426,1.615232471520301,-1.0120360495669427,0.32178991239285165,-1.9974228089158372,-1.2726513581647003,-5.48254418475045,-0.5436342473996444,1.682981511870981,-2.638713337391496,-1.2670901437306048,-1.1783182739417786,1.3743354948222677,0.5852769482694146,0.014638841847226858,0.9206668000395619,0.22409976082611213
1400000US28121020705,-2.6881993246933327,-4.037762392111018,-1.3389752357471387,-2.837819080335569,1.1359716837861542,-0.821187281810063,-1.552208066052509,-3.21112185419603,-0.7861673146508917,0.3822093253475697,0.30416742376394523,-1.4625407530359038,-0.964691206936198,0.2082135237579248,0.5281805120989613,-0.3996487001739637,-1.1647628755452164,-0.5474365237035327
1400000US28121020805,-5.177396532288384,-4.501258892505103,0.09971871577133962,-1.5698724643573203,0.6086771295875205,-0.9927386138414883,-0.9829220605678846,-3.392819969805799,-1.8169990949259642,0.0668277491408663,0.32169275513160345,-0.7330294501012663,-0.7338615084984389,0.14439738036241156,0.5999595930802731,0.43563966275378674,0.08443012981466888,-0.02001611585955511
1400000US28121021005,-7.873237911138448,-5.096982176052818,0.7949729697992054,-0.21070652227397396,0.5859742707543761,-1.8605233420446075,-0.817442866516535,-3.7571309848258574,-0.9459674918267942,0.42142998414911753,-0.04888967584924887,1.8683931479765923,1.230715767250833,0.06254403311874918,1.4813464409175516,1.4749000322654373,0.9138143755983628,1.0448124976589346
1400000US28089030108,-3.6454528060754345,-3.7839104350123383,-0.837163628160267,-1.1875560127574207,0.5574261245662224,-1.6660644663769986,-1.082038571459174,-3.9234421392061933,-1.0849302074855274,-0.3036906326613057,-0.8115028969995945,-0.5557880916412036,-1.3986373639817844,0.24285634684689672,1.0577303706331787,-0.4882652341604201,0.6481324611787107,0.04009370311700325
1400000US28089030202,-2.538177064513905,-3.842323447861866,-1.929932846320839,-3.7395454467561016,1.2647985175134604,-1.0035611857522153,-0.9471083251829312,-2.808421276079508,0.07703074250778211,0.4695815385294763,0.3406746943435616,-1.1134994972595287,-1.0957924337210947,0.6719454425071633,0.09800914065118815,0.03078059571860023,-0.33906825474967534,-0.34509404987931197
1400000US28089030206,-6.665544902892798,-4.582272133309861,0.5760632777189993,-1.2677630017758512,0.1296963373863766,-1.4022268675822103,-0.996290784211123,-3.6458129598774645,-1.1050606684168338,0.40568568093825935,-0.6125461329874465,-0.28724160513941555,-0.47087542271976224,0.4993674794929679,0.5129543621758313,1.1565478318257492,0.47889311999070894,0.6254465319081883
1400000US28089030207,-4.537125674753274,-3.803358268193445,2.100458476065906,-0.4207113051128868,-0.15869813875049715,4.844834878218978,-2.3490068204202537,-3.3080578939589924,2.3905951532643464,-2.3634273945928035,-0.9519104263030063,1.6727952494863982,-0.07739490205188651,-0.4232003997908146,0.6879463724224575,0.8405389204720168,-1.7312055294977151,-0.06945583166657272
1400000US28089030403,-7.340016190806759,-4.5869790546674185,2.7885593392780335,-0.3511300402823476,-0.20108879941064614,-2.4892415582444256,-1.659844817082465,-3.7085581134697776,-0.5801369159186581,2.2587509865254716,-1.804302076045082,0.3946248161754054,-0.24047599051825186,0.14699316724939832,0.15928877886182158,0.679819719087577,-0.12557839049238703,1.150671576078003
1400000US28089030502,-5.6429332136152945,-3.526040709138633,2.1332717395696594,-1.540456540366491,0.7692171783397611,-1.8480960036940344,-2.4574359835386916,-2.595123817127717,-0.5728997184905715,3.6933601477459552,-0.9456802673779815,-0.6961889584280636,-1.0434351374761557,0.17103050355146948,-1.3249462955961533,0.351401003954354,-0.8614626397564727,1.5631850392211748
1400000US28089030600,-6.296294055698859,-3.851357347920112,1.6542250265447707,-0.9395393094281105,0.13512230445658674,-2.246882030822104,-2.1641314393896107,-2.7775036749778894,-0.8929928318236742,2.7782856220782413,-1.2628153934128952,-0.644523127642222,-1.115500922965549,0.14202396442232582,-1.0106762786546022,0.4051337757449756,-0.4098186952026036,1.1184948484199555
1400000US28089031100,-6.587036815099644,-3.9905111190914466,0.7750759241378928,-1.5851256417389243,0.20472996776990796,-1.9111006850565324,-1.6660246258673679,-4.5777449115707505,-0.31723127903548953,1.28447542947189,-1.329675635353782,-1.4671805686677604,-0.6481991636491311,1.0782944834884212,0.19289923035623757,0.7298496045702882,-0.3575985930206498,0.6031777563876067
1400000US28007060200,-4.87259204078373,-4.339417474649148,3.869523315110139,0.880479331809347,-1.5037378955093907,-1.3729257589340964,-2.2285203275241825,-5.9244180107537305,0.130547013977292,-0.49925621680457083,-3.772981112910331,-1.5249246261036564,-2.4643179242212376,0.6489701357508612,1.8509724202706266,-1.7309039130921644,0.08595965337920076,1.6092060671095767
1400000US28021950100,-8.73165629007875,-5.056798841794775,0.4641347402508544,0.5103971243908003,0.21076427509405493,-2.7367320145802023,-0.08275257840362833,-2.6299476391451644,-0.8269922716724235,0.043237824708583575,-1.3597300377718375,0.7098056070985214,-0.08429870167979636,-0.07775818934697748,0.9159345924046796,0.8203673288936816,0.8591810667547809,0.44463808881609057
1400000US28065950102,-7.681893688370316,-4.6538900486165895,1.564913256519878,0.01719582006119704,2.001532318207724,0.6229320455717573,-1.7510091125107765,-3.664389427994888,-1.974038671728882,1.7460433177549368,0.8095014064048699,0.3927041380748661,1.169129407891724,1.1834133542536374,2.272664772137852,0.887042882158596,-0.3428474239276704,0.057132068568858885
1400000US28127950200,-7.599964629031635,-4.843327629713211,0.25347423322877954,-0.3118280325649554,1.3602179590132888,-1.9344408047371535,-0.6991119355168476,-4.021139364979591,-0.8074409218146664,0.0822090696635209,0.5617785809933528,0.8457711873236574,0.8964584372340013,0.2732221213745757,1.3792541363300046,1.38193980454607,0.32102055254305917,1.1179479668495635
1400000US28015950201,-7.330790701879188,-4.5310197769341,1.5546745654250154,0.5121234896148814,0.295667506700247,-1.8612863478572415,-0.17570404628966574,-3.104351982377036,-1.1595842850058333,0.6735302821003593,-1.6926313026504292,0.8541035555257188,0.24210352747545172,0.16464372434911143,1.3539123927302104,1.1126008700813024,0.9385563914529511,0.5206327597079505
1400000US28015950202,-9.192006488714998,-4.504555558222685,0.3834995697817688,0.5283124408129097,0.10435215097022299,-2.4155774076980348,1.3196858466535297,-1.2015883586815623,-0.22940936812066137,0.4062971929582613,-2.0211205372896273,0.6284410901548633,-0.3076787237488945,-0.013241130243769772,0.09753409370390997,1.8233822842968033,0.6326903442071129,0.27376587446503253
1400000US28149950901,-4.854770414698997,-5.927010781896966,5.9220896311343925,1.571371421290601,-1.5922677436757178,2.5267419917072456,-3.4549287579094723,-5.298886169785913,0.048997891203272304,-2.6990024024269093,-2.809398314050329,-0.7684284277285888,-3.456250317825859,0.41649915459388054,2.543376276125377,-1.6552753177939847,-0.8525263956643179,2.763568249922774
1400000US28049000800,-3.5676941494349403,-3.6002466002316273,-0.5355517113570586,-3.1690558938335083,0.6537247991061,-1.0603481554104266,-0.9247417604207123,-4.04094860782349,-0.5748976057501237,1.1426272131835697,-0.3051189755395911,-2.1291954758734106,-1.3404021496320302,1.041019135768777,-0.9720895846661287,0.08407523238391051,-1.4747843237008926,-0.6013335750863237
1400000US28049001000,-2.9920793629789753,-3.39679479193625,-2.3780580291259255,-3.6399734691788805,1.4339307527774143,-1.5775632085768916,-0.4665102905161431,-3.3829289749106715,1.0357098372848874,0.7263840260765391,-0.8731285299576204,-2.038641933783801,-1.3671877296280517,0.8725103500211693,0.16244724076164174,-0.2309755133364845,-1.3827540026620406,-0.34918144483958063
1400000US28049003400,-2.7319256443588427,-4.1310159682491445,-2.340830885384436,-2.4739893269324775,0.884193697609338,-0.7629254565362505,-0.9639203140008659,-2.5898034980704336,-0.2044645415839426,-0.5474702018754198,0.669807639092523,-0.8002169594973726,-0.6204087871483492,-0.5338661979235505,0.43814081470614363,-0.9294750533709323,-0.363499413741021,-0.8662287406177918
1400000US28049010201,-4.299555789842716,-3.8629427296446357,-0.7762999401775131,-1.8513513490952713,0.44300122933527636,-1.6498385942071758,-1.1079825944843138,-3.8909866999047833,-0.9840431502781297,0.2681307188535912,-0.5480311434573013,-1.5163126435377625,-1.0821320627291349,0.5054944319899297,0.3035188328682864,-0.005621082971466906,0.005198289534310042,-0.2104952979746687
1400000US28049010400,-5.024191426336843,-3.965035129822572,-1.093868264483266,-1.4745909203225942,0.7614293551596004,-1.3001856520214699,-0.26316182913836716,-2.637632772214747,-0.7732447736353818,-0.2333528305068161,-0.4334528909932672,-1.170617082794728,-1.4384269044066624,0.34428281295372154,0.3299462863749647,0.13379877864895023,-0.2383599444427838,-0.24467628400807306
1400000US28049010801,-7.368601297964669,-4.272369239205377,0.1380210087526787,-0.6977943841702561,0.9900951298239741,-1.6414276707147026,0.20807532456479103,-3.134285561109401,-1.2216528157287037,0.40285537544058914,-0.3938523596145014,-0.4654657010250372,-0.8442322421920196,0.9305380305950026,0.4104668485828178,1.6459084475388965,0.7724287344754679,0.4744922201839352
1400000US28049011105,-7.03962670843021,-4.553818833958438,-0.9997323612025678,-1.362583600337907,0.7398130424157481,-1.4000923466902142,-0.7385571257021226,-3.2828160350942803,-0.17396977148305737,-0.24565924870248523,-0.2803011411803616,-0.3503133235977193,0.01978117249402933,0.6140366280806124,0.9155211960691696,1.0357672257143318,0.2479593478612683,0.44847337421130995
1400000US28121020105,-7.729475303861203,-4.69069370515256,1.5640332298689763,-0.30236651511086426,0.3614327893951965,-1.9810828227593247,-1.3103417228664866,-4.013112445558156,-0.825305095249243,1.3518767862130885,-0.7118553956100853,0.7863566267567362,0.7125064910989061,0.4584863041443343,0.8353761093846703,1.0095155581836646,0.412314503475117,1.39011076091075
1400000US28121020213,-4.181472589764785,-3.6387366158720833,-1.3217511461898113,-2.0154848343700893,0.8669614218207377,-1.3433737235184768,-0.2781606874928099,-2.955298598579073,-0.7612606932002268,0.1789169016162177,-0.2743548015068646,-1.648392022717273,-2.0185013707660824,0.8686385244069779,0.13843406875730085,0.0934002180675012,-0.40239887516810885,-0.2846308548074675
1400000US28121020218,-5.434450716323669,-4.428088580575175,-0.5107799858533102,-1.90148715312736,0.6528822903713439,-0.707076975446097,-1.1174842253257862,-3.0419039991963346,-1.4259696254572398,-0.10054275984731303,0.306036456604532,-0.6634097653031157,-0.4668899407902375,0.5473983522058076,0.6348942874785235,0.6952802525687829,-0.0816362169035678,-0.012509842777329349
1400000US28123020302,-7.4018655285506165,-4.797759194002273,1.007476781752543,-1.5201692590037075,0.3270433211384459,-0.7127567841103704,-3.562621644450659,-1.576326714835646,-0.8364363690832918,2.4749600138873062,-0.8638471473104302,-1.518843417592821,-0.07198338469534915,1.4529582916299018,-0.3912053309626964,0.2788634575595391,-0.3948626242498467,1.1428946744968906
1400000US28121020402,-6.961371688718449,-4.702940237451985,0.6078500401663226,-0.665771792189986,0.6321819351744841,-1.7677787313435382,-0.7772188022881263,-3.6083232412336885,-0.9624047630564364,0.21419370448962394,-0.5696192235633689,-0.6821390012635514,-0.3478548660005656,0.7963493846469254,0.6877852949346441,1.162958027699575,0.17168172453288302,0.40536261595683265
1400000US28121020500,-6.246479003793686,-4.466177034796215,1.0815920793220455,-0.9161772209775924,0.2924474987491109,-2.2726574742574823,-1.044663243025168,-4.495346376328631,-0.7673329567903183,0.8339061215598945,-0.907756974181547,-0.42899997547536917,-0.3635481567572457,0.7276735448632236,0.2979748547306873,0.8444861788764472,0.193232995843424,0.9478849852973577
1400000US28121020602,-5.7416023826266045,-4.336279069411849,-0.45446115973972134,-1.3628294330230823,0.6740595220539813,-1.7254597371132365,-0.9635302729619315,-3.83575725886873,-1.1553025875544656,-0.03500762930500329,-0.1014040969109436,-0.8864643443583619,-0.5875194906601817,0.383625020319751,0.8362650598916201,0.46305380599730983,0.2964457193248964,-0.07598888918990614
1400000US28089030110,-4.997821899635005,-4.143779738302441,-1.4709719878681915,-2.6943936539322983,0.6645895645544645,-0.9731423353706132,-1.352431141888128,-3.609390324168771,-0.14482663971774168,0.012673790545525587,-0.12612069932357248,-0.8385751746813283,-0.2760142491907237,0.4831530078693527,1.003516799808116,0.3149511902139358,0.05946749531892232,0.14412423953234493
1400000US28089030203,-4.660686066326158,-4.235761592497851,0.14879292220566712,-2.7873414562495817,0.7086870226135815,-1.1546725994692908,-0.7875377262592277,-3.5190211922834327,-0.7754173525080966,0.49259588674788685,-0.2188285646382681,-1.8971839632891485,-1.4992498571867214,0.917334615929381,-0.4590547602968429,0.7011582205025857,-0.7295047613217079,-0.08084197573810852
1400000US28089030204,-5.652339954178052,-4.139755822486013,0.9119453413843873,-1.7157091374193825,0.1147487009749212,-1.2915616422020608,-1.366014708472644,-3.2579974185009872,-0.7859988742542875,1.299034624904102,-0.7187504286072127,-0.8983851084471275,-1.1497766879773725,0.6451829549595756,-0.4313804955129059,0.6130884405226182,-0.06868902526640708,0.4864143406049114
1400000US28089030205,-6.019869110526051,-4.648592714157194,-0.3388736963557775,-1.810752791771164,0.6398815508612582,-0.9423851885358873,-0.8812610381010243,-2.8835406138251725,-0.7980217311083888,-0.3359332644853772,-0.30836601618706594,-1.4479058473497366,-1.0426657859528008,0.8135836116911006,0.3767541253315587,1.1021560564069985,0.023711018896118735,0.1777054043454306
1400000US28089030501,-5.047209081065037,-3.8794780817525574,0.744317674874714,-1.756876402185036,0.4571516448089906,-2.1488118698692333,-1.252110128186902,-4.21662293644569,-0.007840662853545712,1.452878146573817,-1.6729796610098693,-2.226522668717538,-1.5755080476248304,1.3037895913189952,0.2159465943210257,0.3903635427714711,-0.04646321910150037,0.2806547167458858
1400000US28163950100,-7.3933132507071315,-4.210323865594399,2.5041557143938977,0.0775558186869971,-0.045970234668061175,-2.327762014912882,-0.6467630677259593,-2.4802838265202793,-0.3363740672715876,2.006541808924782,-2.4904478900505995,0.24710435947152598,-1.118257093873623,0.1946806763122157,-0.33954591343751295,0.5093615322815355,-0.47429595777069306,0.537450173256849
1400000US28125950100,-4.234170539542659,-3.531344162900884,4.484856932600042,0.2819138371366739,-1.5299166210812878,-2.8007749303707707,-2.2484949249593673,-5.148601119237563,1.635406931634692,1.0956908756061885,-4.09779251983763,0.8808282369784364,-1.8500775194069623,-1.2412505607910735,0.502939472966364,-2.2319752557949473,-1.3916962449159505,0.4436074328864135
1400000US28085950100,-7.263117905482954,-5.077362961329489,0.3300139005401536,-0.923853227332868,1.0755306363481167,-1.567782690214623,-1.7677797651495364,-4.128181771532393,-1.117646436731127,0.5729718449708405,0.2852634446739025,1.005147699499561,1.5718991430339089,0.01081579933721738,2.355759336792061,0.8527415645941403,0.3938167706424723,-0.02755431177430176
1400000US28065950101,-8.626074590443732,-5.17659150653744,-0.25615092306101905,-0.24475787812340433,1.6047523834807689,-2.5535253895076635,-0.1169656863665347,-3.898385951655996,-0.4552212938488904,0.2116717842792226,1.0278310295428448,2.267245933989963,2.625773393425229,-0.4575104127489509,1.6455438484853548,1.7486266063517864,0.1595014373251597,1.2324537696886237
1400000US28029950101,-7.295028086595995,-5.0772590303985075,0.17480468055744353,-1.229778804834548,1.5828707935535453,-1.6565305328582174,-0.517097125578532,-3.2310194847569207,-0.5439854055918083,-0.0370277863655882,0.3516933292564047,-0.9745533075078311,-0.4023724530190743,0.8334556731897285,0.3101190363696731,1.5061873701009147,-0.37302317641682414,0.33779565192105604
1400000US28127950102,-8.251433427514156,-4.911602534763828,0.9714731584110792,-0.18426708258492,2.114491161273319,-1.1370084081892884,-0.7826542885541786,-3.4706199001626525,-1.0127093268341067,0.8077255431460743,1.4290600666272089,0.4004865572125283,1.4109449308278705,0.3932370162316675,1.1491344473122227,1.8742692106607686,-0.4841774918134248,1.854520958250135
1400000US28053950200,-4.107668039641358,-3.8635904379966455,5.283843908077514,-0.13639326821583184,-1.4154907408200577,-0.8802440353284549,-3.038429580287779,-3.5424985603387413,0.987227348837462,1.888629355988469,-3.255751063341426,0.6915958791331144,-2.078577732965141,-1.275279025467814,-0.17288751585699824,-2.0296617220782944,-1.4051205830062246,0.9443369693125637
1400000US28129950201,-8.277074711182001,-5.281978147178415,0.35091723264320385,-0.5541670225727525,2.837204749521392,-0.4779443156937621,-0.9240678256925609,-2.631921233831651,-0.5436566769303315,0.017392407464870457,2.1931757975047876,-0.7079655408421459,1.8067553640502116,0.4610145439732338,1.6581049442873792,2.1212044257738603,-1.2307655196210403,1.204236912100181
1400000US28163950300,-4.166868752701325,-3.4399684947648628,2.2493007252602926,-2.6155580594320686,-0.09184241047827134,-2.0928572251077813,-1.1051761488061347,-4.126354457543193,0.8786584400803295,2.636951021266406,-2.439440097312756,-1.3689178078859783,-1.5147259909724795,0.574790093682273,-0.5529422001223446,-0.5030180309012812,-1.484626646309286,-0.23103845797454858
1400000US28083950300,-3.5255912172356165,-4.2347805473062925,6.370840430042338,0.1437941848675353,-2.8853333985750926,2.3548784751317675,-3.6857712620364125,-5.399240074088488,2.363455045162332,-0.9125568497893007,-3.491515278404734,0.8283840038819622,-1.8890712657744886,-1.733272596410501,1.040303711803606,-2.5104544133823476,-2.0867829098904243,1.5800932991320313
1400000US28127950401,-8.080335679108197,-4.92179874419475,0.9320852664365672,-0.15031772819168146,1.594370583971023,-1.781847907090545,-0.47027310408143225,-3.9064531992208846,-0.8900803211239177,0.4938322321367099,0.7067502981767428,1.5123445087297867,1.3703363606535262,0.13646467034934648,1.0440818772910423,1.7347225492258722,0.41972030695012313,1.0393808342859567
1400000US28077960200,-8.208634409710486,-5.000728037114529,1.901783141503062,-0.31885901268314454,1.2842167782299243,-2.6028346945904963,-1.2754682666337698,-5.242227251508072,-1.3000636982989402,1.2338711503140065,-0.13683816141454516,0.4964434976984425,1.971804228996193,0.11171796663184393,1.81280241141164,1.3419794344295632,0.7060984394664076,1.3496714666576135
1400000US28049000200,-3.4481885829454044,-3.8714449839698037,-2.089643893271738,-1.575195694584421,0.4910327689348268,-1.6934560460631007,-0.7870631789802268,-3.2917743506951926,0.8120520551008732,-0.7136800293127126,-1.2412703745573463,-0.39066426679356137,-0.6769410177245931,0.08728489642014048,1.090295797477899,-1.208381550211399,0.27329640057828963,-0.3773258773912244
1400000US28049000301,-3.784552911502476,-3.7531969099355096,-2.638172456674083,-2.31469249114914,0.42754381689673504,-1.7699061727328123,-1.0449589415559142,-3.8240139327610723,0.5585556059754178,-0.013506847864498992,-1.067764835642575,-1.2915209423921374,-1.1852754652334458,1.048703488744353,1.2943323630864414,-0.7157483717873949,-0.1580527165645541,-0.6694495913657653
1400000US28049001400,-3.7242648272188683,-4.126266547261281,-0.879302833193038,-1.2807487502753991,0.2629616864282358,-1.1695174304428486,-1.0484889095419343,-3.6200541073078094,-0.032998500289211856,-0.7577090317521662,-0.8046139825748426,-0.660011711512489,-0.9685311926101201,0.08008943785210709,1.129433774179758,-1.0670931841687268,0.2632962702772855,0.0864634782774106
1400000US28049003000,-2.3321402356428282,-3.930777635294454,-0.6555473031373111,-2.0567214100381204,0.5161709528379185,-0.9491113957040176,-0.7915846632648833,-3.1321748420669047,-1.1449232088222936,-0.17558274953637304,0.2865713763144209,-1.5434129736577482,-1.497017318969324,-0.04920765553031148,0.17930949077491698,-0.7803440203360132,-0.3252270855502881,-0.6301605934643227
1400000US28049003500,-4.147326245120216,-3.8183988042402133,-2.857780508944903,-1.7026254876948033,1.13147413009994,-1.2466058439296086,-0.2786696256542197,-2.484445001529398,-0.18061142756914325,-0.8789009561537138,0.1463323280172695,-0.6932665264070466,-0.3215107433428758,-0.21547587652492017,0.8315412649706632,-0.7729528944682793,-0.005891008878397452,-0.372844105914984
1400000US28049010305,-3.235572472204788,-3.6524608411359627,-2.7635236667950847,-3.4541631665118984,0.859706176940946,-0.4653934894344426,-0.7032637956980058,-2.34306650343108,0.44590129390227273,0.022385936044781923,0.1665542254281164,-1.0177832636601627,-0.9661541258161815,0.7159113818137057,0.30830345531648545,-0.27998364894665395,-0.6057181717677622,-0.5559825621600706
1400000US28049010808,-6.9970436050519345,-4.5540342713200745,-0.6954929355802467,-1.0330002152168445,0.6147952347725577,-1.463775739087944,-0.45061724207015474,-3.034549825622206,-0.5674644508316408,-0.0767601358617295,-0.42299732383289396,-0.19434639037129295,-0.42338109446873695,0.7008199690781127,0.900408388655817,1.0346387045001664,0.353388818822269,0.2429190026251301
1400000US28049011001,-5.11108697509354,-4.350223826479643,-1.2354102546054877,-1.571704988694504,0.536490953437501,-1.266232700274362,-0.43960239742557006,-2.6676260512154886,-0.8519224700804631,-0.34191388378642507,0.32462735629536893,-0.753272128299064,-0.8135879824050918,0.19980998466368188,0.5952856052157343,0.2609105102476656,0.21985955303752133,-0.19811848521686598
1400000US28049011203,-8.238858870145412,-4.942999543992009,0.5803510788816776,-0.8702451951181169,0.742693733613865,-1.690349195630058,-0.5745358452687991,-3.3888422032284122,-0.5294586597851069,0.23011733494781036,-0.7057286471372338,-0.9561748321178826,-0.6819760735476182,1.2482879145321704,0.14172819743721554,1.8104386011736895,-0.11013653553812214,0.7187708827106053
1400000US28049011600,-2.440020016682816,-3.5379389777753865,-2.0378071744275212,-3.12536974365743,1.1543577991962988,-1.4789697877328227,-0.7293097313710406,-3.7534896319308033,0.38771129669508253,0.4523963167399826,-0.5200322944249888,-1.8755822784804967,-2.0087874399744647,0.999745022299672,-0.2511821728353042,-0.6756113036071321,-1.1154845636175044,-0.785705553238306
1400000US28121020101,-7.276426699951722,-4.630168406695529,1.8645083133132199,-0.6758618541559809,-0.07888634287662989,-1.3454892078252514,-2.1596368058000195,-3.8403973982070934,-0.9904526520710069,1.7279850261757888,-0.811248388970581,1.3067368420481853,1.109916968113291,0.20124570184572757,1.0832094655606972,0.790312131170257,0.47595222783448093,0.6848533609842274
1400000US28121020104,-7.458116861021104,-4.748786063642754,1.2001935289336558,-0.20306975347375386,0.2982080401576153,-2.2124582551370526,-1.1355983532003118,-4.189279662050305,-0.9082920373356125,0.642128614693616,-1.1143585166607761,0.6258201306911898,0.2977159930817034,0.3790380537701169,1.1941709058389043,0.9843862610069372,0.7639283313461885,0.9936047226556247
1400000US28121020902,-8.124353904597486,-4.935259926933594,0.9787711042973848,-0.18691402196367835,0.8925595822843628,-1.5696903407114233,-0.6958688561747367,-3.439665806735469,-1.0413386537955467,0.6428886752527594,0.1397061076995408,1.3680520788746287,1.1404923467955688,-0.038277087060797826,1.2085078383076016,1.6707987464789191,0.32313808955188333,1.489919327950604
1400000US28089030402,-6.610942049941153,-4.789715013612075,1.3571661297741362,-1.5727463218407787,0.16122245878619987,0.13290696499792093,-1.2326158032566528,-2.764581884930251,-0.4476220444864815,0.13555314568109858,-0.4392997206609858,-0.7259833637621158,-0.7784499715944803,0.48473881141453234,0.10328592170203166,1.3893510024703584,-0.3354141624377803,0.6251000041651849
1400000US28079040700,-8.230686825236402,-4.957112195722485,0.08133960550649472,-0.9145378245461995,0.43129267059072585,-1.2844299040699323,-0.5431017096345672,-2.6577829049450057,-0.8554868384141767,0.2930014078352903,0.2531805903408539,2.33567628808916,1.9887270561933932,-0.6332492603882459,1.1404404985235141,1.9124321755265434,0.7368808304033756,1.0541941985319916
1400000US28127950101,-8.079061241921943,-5.002508535279992,0.6393893829489914,-0.004664694750670069,1.5092246552666415,-1.6546900577980066,-0.6010234767025637,-3.843473559863846,-0.9553370644582609,0.3385035999391981,0.6343365163754197,1.310149661487717,1.4537942523150877,0.062380495609716785,1.6428362834462038,1.5074643104489807,0.12201542877380496,1.5367482866193254
1400000US28051950200,-8.784979586224546,-4.382615286197749,0.8663422454396872,0.41657011435129665,0.04176159728026397,-2.070114888945224,0.877228114496774,-1.515052342460933,-0.6720100543039119,0.5765994333072827,-1.972294149845595,0.4547894306067091,-0.5278239459012837,0.23905677435036046,0.07874157119580327,1.6659603790542177,0.5167909758723902,0.22695433294568823
1400000US28021950300,-9.185103040051962,-4.6863021661705195,0.3303605676021969,0.627936163712644,0.44152671473105454,-3.2354916524654267,0.010031431523954866,-3.2815076201175617,-0.458838244443725,-0.12558792009033587,-1.728696277545797,0.5508572134253857,-0.3975122065258829,0.20998213046652991,1.0517345337779478,0.9198963275816574,0.6189115285299804,1.2928082370936187
1400000US28031950300,-7.4782174580337255,-4.752796932959725,-0.08140102335762806,-0.3930746507437698,1.8379719516640414,-1.1807430355678579,-1.241901553466055,-3.6673005968845818,-1.020887637087075,0.5332561442733519,0.5245068752534169,-0.3528237236221567,-0.09039412352617493,0.5475539736363303,2.195990611366451,1.1928451182345607,-0.366941416095986,1.808103910319997
1400000US28029950501,-8.087128997991602,-5.092555513036139,0.6229391932128272,-0.3607001880205696,1.2008184372663586,-2.065973283385537,-0.38023898008791424,-3.7545423469530887,-0.7206482084922966,0.3724135846905711,0.034311623452848404,1.1178583943609521,1.0121618688250673,0.23944282823917873,1.1760093129658133,1.5279047543819886,0.444156586288943,0.809519465104816
1400000US28051950501,-7.673718801010486,-4.386982592066964,2.0252560042768577,-0.49158918693451115,0.017652343899999083,-2.2394204560707482,-1.146454663799345,-3.528355194460962,-0.41938719469862457,1.6782522306530097,-1.481075162871841,-0.028183394658176847,-0.1547089236547714,0.628298257300603,0.14090861839167101,1.139399532877581,-0.07491575368279281,0.8766358500058156
1400000US28051950502,-8.413555104813858,-4.567603163627149,1.819567694371846,-0.5739183146545063,0.05864901824380449,-1.8479640176840437,-0.4428489342439046,-2.7855605115908806,-0.7150939393306063,1.4790379878907902,-1.2133245345942485,0.4121355468410591,0.11851830988360967,0.5271064634443876,-0.050825663892844375,1.7488667402117,0.24956210471283327,0.8495601788278435
1400000US28077960100,-8.191051673226776,-5.093099294304645,-0.2059510670863158,0.15002675395829668,1.9532153347929573,-2.6022170863634795,0.05334171229158067,-4.167532256609312,-0.8847652955172948,-0.08219214938840712,1.5741015742684294,3.2037225311427875,2.9964491055170135,-0.9050554352668667,1.5207852972731533,1.696531918228242,0.9778108426727969,1.2471158173078738
