cb_2020_us,cb_2020__1,cb_2020__2,tract_ID,cb_2020__4,cb_2020__5,cb_2020__6,cb_2020__7,cb_2020__8,cb_2020__9,cb_2020_10,cb_2020_11,cb_2020_12,ACSDT5Y202,ACSDT5Y2_1,ACSDT5Y2_2,ACSDT5Y2_3,ACSDT5Y2_4,Shape_Leng,Shape_Le_1,Shape_Area,elev_mean,slope_mean,ndvi_mean,water_pct,developed_pct,barren_pct,forest_pct,shrub_pct,grassland_pct,pasture_hay_pct,cultivated_crops_pct,woody_wetlands_pct,herbaceous_wetlands_pct,impervious_mean,poi_edu,poi_comm,poi_med,poi_trans,poi_pub,poi_food,poi_finance,poi_total_all,poi_diversity,minor_ratio,elderly_ratio,sex_ratio,fam_inc_lt10k,fam_inc_lt10k_moe,fam_inc_10to15k,fam_inc_10to15k_moe,fam_inc_15to25k,fam_inc_15to25k_moe,fam_inc_25to50k,fam_inc_25to50k_moe,fam_inc_50kplus,fam_inc_50kplus_moe,median_family_income,median_family_income_moe,per_capita_income,per_capita_income_moe,persons_below_poverty,persons_below_poverty_moe,tcc_mean,dist_water_m,NAME,B01003_001E,B01003_001M,field_5
01,085,781000,1400000US01085781000,01085781000,7810,Census Tract 7810,AL,Lowndes County,Alabama,CT,569693684.0,14504723.0,1400000US01085781000,"Census Tract 7810, Lowndes County, Alabama",2354,295,,1.73511091488,1.73511091493,0.0559081897828,65.35455157848374,2.3977200539037327,0.7372596099605293,2.370259481037924,4.048882753972574,0.22341680275812012,32.23504290121056,0.0,1.8832464940249372,1.5922700054436583,34.08847888638308,23.1869054099593,0.37149726520984006,0.5526608145234232,0.015798,0.0,0.0,0.0,0.003511,0.0,0.0,0.138671,0.474139,0.241716,0.205183,84.7724,31,31,34,28,147,99,161,70,282,94,45802,5600,22514,2118,474,186,48.25288761214572,740.1391728501048,"Census Tract 7810, Lowndes County, Alabama",2354,295,
01,085,780800,1400000US01085780800,01085780800,7808,Census Tract 7808,AL,Lowndes County,Alabama,CT,401741603.0,5462741.0,1400000US01085780800,"Census Tract 7808, Lowndes County, Alabama",3272,373,,1.18656691379,1.18656691379,0.038966010907,73.16718400586602,2.252253967256608,0.7304401268208203,1.3364075931232091,5.78214541547278,0.05171024355300859,21.21216869627507,0.0,1.816797994269341,2.4570200573065906,53.20155802292263,13.734554083094554,0.40763789398280803,1.1277334051933594,0.027381,0.002489,0.0,0.0,0.007467,0.004978,0.0,0.144371,1.006215,0.19346,0.245721,112.8822,72,51,26,32,107,70,262,98,415,132,44868,16766,21556,2114,460,197,31.846081135447083,504.0881717944815,"Census Tract 7808, Lowndes County, Alabama",3272,373,
01,101,002202,1400000US01101002202,01101002202,22.02,Census Tract 22.02,AL,Montgomery County,Alabama,CT,2891661.0,81899.0,1400000US01101002202,"Census Tract 22.02, Montgomery County, Alabama",652,198,,0.0706354262287,0.0706354262287,0.000284589769822,54.088704555874195,0.6056453971554817,0.6674470538932767,2.726446531354135,48.167222053923055,0.030293850348379277,1.2420478642835504,0.0,0.0,0.3029385034837928,0.7270524083611027,46.47076643441381,0.3332323538321721,20.456225386246594,0.691644,0.0,0.0,0.0,0.0,0.0,0.0,3.112398,-0.0,0.187117,0.179448,68.0412,10,15,4,6,17,17,72,56,26,29,30759,6917,19332,5209,195,133,51.40803816089388,464.66622157982454,"Census Tract 22.02, Montgomery County, Alabama",652,198,
01,101,002201,1400000US01101002201,01101002201,22.01,Census Tract 22.01,AL,Montgomery County,Alabama,CT,3121071.0,0.0,1400000US01101002201,"Census Tract 22.01, Montgomery County, Alabama",3633,656,,0.0691883273617,0.0691883273617,0.000299184942895,60.84728763729839,0.8576003741827539,0.6289009034285543,0.0,99.6831797235023,0.0,0.0,0.0,0.0,0.0,0.0,0.31682027649769584,0.0,34.153225806451616,0.320403,0.0,0.0,0.0,0.0,0.0,0.0,0.640806,-0.0,0.238646,0.179741,86.3077,106,98,23,26,158,86,419,137,160,92,31667,4841,13928,2622,1388,560,34.28650630239282,1493.644311388099,"Census Tract 22.01, Montgomery County, Alabama",3633,656,
01,101,003100,1400000US01101003100,01101003100,31,Census Tract 31,AL,Montgomery County,Alabama,CT,2749897.0,3215.0,1400000US01101003100,"Census Tract 31, Montgomery County, Alabama",4232,699,,0.0687922402668,0.0687922402668,0.000263997075187,59.53752154226536,0.7618220429522318,0.5918372711405455,0.032690421706440015,91.23896698267407,0.0,3.563255966001962,0.0,0.0,0.0,0.4249754821837201,4.740111147433802,0.0,34.546256946714614,0.0,0.0,0.0,0.0,0.0,0.0,0.0,0.36365,0.0,0.193289,0.140123,111.9179,46,62,9,14,157,95,324,132,421,153,45903,5700,19043,2510,903,394,28.847979097109846,990.1675501560577,"Census Tract 31, Montgomery County, Alabama",4232,699,
01,101,001400,1400000US01101001400,01101001400,14,Census Tract 14,AL,Montgomery County,Alabama,CT,2859943.0,0.0,1400000US01101001400,"Census Tract 14, Montgomery County, Alabama",3522,465,,0.066643518384,0.066643518384,0.000274282133567,75.45800014692036,1.4433797025244441,0.6307025113858133,0.0,100.0,0.0,0.0,0.0,0.0,0.0,0.0,0.0,0.0,30.29631959735766,0.699315,0.349657,0.0,0.0,0.0,0.0,0.0,3.146916,0.636514,0.172913,0.13799,105.6042,12,20,25,33,42,48,65,50,618,159,105500,26463,47987,9231,275,127,38.159664103841266,1562.371215282966,"Census Tract 14, Montgomery County, Alabama",3522,465,
01,001,021100,1400000US01001021100,01001021100,211,Census Tract 211,AL,Autauga County,Alabama,CT,478151753.0,13897907.0,1400000US01001021100,"Census Tract 211, Autauga County, Alabama",3497,534,,1.34223605791,1.34223605789,0.0471833990708,81.20478469531875,4.839448042901286,0.747494022627495,2.4519935144849683,4.9284053837588635,0.1863608837490965,47.91975151882167,0.0,6.54900275439042,5.1876306381981205,20.43816295833252,12.132406087007482,0.20628626125686156,0.5822204253077115,0.004183,0.0,0.0,0.0,0.0,0.0,0.0,0.07529,-0.0,0.231055,0.243923,94.3858,92,77,11,16,56,38,303,116,349,115,43036,11497,19058,5037,1081,486,55.006374039705946,1349.3811052820442,"Census Tract 211, Autauga County, Alabama",3497,534,
01,101,000900,1400000US01101000900,01101000900,9,Census Tract 9,AL,Montgomery County,Alabama,CT,8868139.0,788528.0,1400000US01101000900,"Census Tract 9, Montgomery County, Alabama",2128,431,,0.13246807858,0.13246807858,0.000926459000556,47.71215917352696,0.9005657499180536,0.45938893212567267,8.092270486466376,88.84754906520324,0.0,0.34415403218305274,0.0,0.0,0.17672774625616222,0.8743372709515393,1.5719467956469164,0.09301460329271695,34.87387219793508,0.112763,0.0,0.0,0.0,0.112763,0.0,0.0,1.804212,0.693147,0.149906,0.015038,336.961,0,12,0,12,23,21,23,20,223,89,105165,20092,25927,7287,3,4,9.001993019503042,563.9718188798021,"Census Tract 9, Montgomery County, Alabama",2128,431,
01,101,005407,1400000US01101005407,01101005407,54.07,Census Tract 54.07,AL,Montgomery County,Alabama,CT,8833099.0,1256.0,1400000US01101005407,"Census Tract 54.07, Montgomery County, Alabama",4414,653,,0.131207789433,0.131207789433,0.00084288628063,70.96822701591282,1.1351004244334908,0.5750295437414539,0.37425927851127977,76.44245763592889,0.0,9.27331323422393,0.0,0.12475309283709327,0.0,10.240149703711404,3.5450670547874,0.0,30.784099048398648,0.113211,0.0,0.0,0.0,0.0,0.0,0.0,2.603843,-0.0,0.168328,0.157227,63.0587,0,12,15,25,25,22,406,244,659,185,65735,15913,34270,4218,214,118,20.461439163179982,638.1681554955017,"Census Tract 54.07, Montgomery County, Alabama",4414,653,
01,001,020501,1400000US01001020501,01001020501,205.01,Census Tract 205.01,AL,Autauga County,Alabama,CT,6203654.0,0.0,1400000US01001020501,"Census Tract 205.01, Autauga County, Alabama",4306,662,,0.108857272305,0.108857272305,0.000596065416746,86.94742373351731,2.652622483343655,0.5564489785920995,0.0,78.13248204309656,0.0,10.103750997605747,0.0,0.01596169193934557,0.07980845969672785,10.694333599361533,0.9736632083000798,0.0,25.62369640787949,0.322391,0.0,0.0,0.0,0.0,0.0,0.0,0.644781,-0.0,0.263818,0.125639,103.401,45,56,20,35,115,94,219,157,879,317,90879,13611,30857,5099,802,481,20.0176845925883,1527.9098154870937,"Census Tract 205.01, Autauga County, Alabama",4306,662,
01,101,003304,1400000US01101003304,01101003304,33.04,Census Tract 33.04,AL,Montgomery County,Alabama,CT,3981348.0,1106.0,1400000US01101003304,"Census Tract 33.04, Montgomery County, Alabama",3528,610,,0.0826365619536,0.0826365619536,0.000379827843129,82.7409149419615,1.8025329796893579,0.45876917736825185,0.0,98.45594913714805,0.0,0.862851952770209,0.0,0.0,0.0,0.6811989100817438,0.0,0.0,51.53905540417802,0.502342,0.0,0.0,0.0,0.0,0.753514,0.251171,6.028109,1.011404,0.22619,0.126417,75.0868,21,40,47,55,166,121,170,127,406,168,57600,48021,30229,6399,742,382,13.859489320785956,988.5745197874302,"Census Tract 33.04, Montgomery County, Alabama",3528,610,
01,101,003000,1400000US01101003000,01101003000,30,Census Tract 30,AL,Montgomery County,Alabama,CT,10571245.0,10928.0,1400000US01101003000,"Census Tract 30, Montgomery County, Alabama",1831,576,,0.134416354728,0.134416354728,0.0010125446215,51.47792496190821,0.42924836323015975,0.6200698319620501,0.34908471690080883,66.00255427841634,0.28097062579821197,5.440613026819923,0.0,0.05108556832694764,0.017028522775649212,5.048957002979992,22.79267773520647,0.017028522775649212,24.64481525625745,0.189192,0.0,0.0,0.0,0.0,0.0,0.0,1.040559,-0.0,0.206445,0.135445,59.2174,28,25,36,38,133,110,129,79,56,54,22337,13768,18417,10290,733,491,34.3332288114425,1105.754412942946,"Census Tract 30, Montgomery County, Alabama",1831,576,
01,101,001100,1400000US01101001100,01101001100,11,Census Tract 11,AL,Montgomery County,Alabama,CT,3561873.0,6703.0,1400000US01101001100,"Census Tract 11, Montgomery County, Alabama",2726,613,,0.0791533174172,0.0791533174172,0.000340744275724,66.40513814468032,2.8435634117901647,0.5752470674850073,0.0,99.06305393770575,0.0,0.17726006583945303,0.0,0.0,0.0,0.0,0.7596859964547986,0.0,41.429475816662446,0.842253,0.0,0.0,0.0,0.0,0.0,0.0,8.422535,-0.0,0.233676,0.184519,72.8599,154,78,54,64,71,52,96,81,171,100,24605,14959,13061,2600,1182,323,25.611341159842624,1460.840385694481,"Census Tract 11, Montgomery County, Alabama",2726,613,
01,101,005410,1400000US01101005410,01101005410,54.10,Census Tract 54.10,AL,Montgomery County,Alabama,CT,3481205.0,16325.0,1400000US01101005410,"Census Tract 54.10, Montgomery County, Alabama",3372,607,,0.0793068063627,0.0793068063627,0.000335139340547,80.28342103774926,1.792200217547758,0.5219534890763116,0.8489837921276049,86.00463082068434,0.0,2.032415744790327,0.0,0.0,0.07718034473887317,11.036789297658862,0.0,0.0,39.88988937483921,0.0,0.0,0.0,0.0,0.0,0.0,0.0,1.149027,0.0,0.107355,0.10261,78.3184,64,80,0,12,82,127,148,129,289,139,46875,16000,22315,3327,1151,564,16.439701022149944,382.5329578150585,"Census Tract 54.10, Montgomery County, Alabama",3372,607,
01,101,005302,1400000US01101005302,01101005302,53.02,Census Tract 53.02,AL,Montgomery County,Alabama,CT,5672645.0,169270.0,1400000US01101005302,"Census Tract 53.02, Montgomery County, Alabama",2144,345,,0.0971024259707,0.0971024259707,0.000559308282427,62.40645822621908,0.97935687550091,0.4908649703597571,0.879086983343615,92.81307834669957,0.0,2.1591610117211597,0.0,0.04626773596545342,0.04626773596545342,0.0,3.6243059839605185,0.431832202344232,41.9949105490438,0.0,0.0,0.0,0.0,0.0,0.0,0.0,0.528854,0.0,0.252799,0.128731,112.2772,7,14,29,25,24,23,145,70,245,88,54583,14184,20213,2783,329,157,19.183849005109938,712.8489645724363,"Census Tract 53.02, Montgomery County, Alabama",2144,345,
01,101,002500,1400000US01101002500,01101002500,25,Census Tract 25,AL,Montgomery County,Alabama,CT,4488073.0,37253.0,1400000US01101002500,"Census Tract 25, Montgomery County, Alabama",2408,351,,0.0930761983404,0.0930761983404,0.00043382385709,63.2502648132068,0.9872242795559879,0.500223901285411,0.9146947703320739,94.39252336448598,0.0,0.059654006760787436,0.0,0.0,0.0,0.0,4.633127858421157,0.0,43.804931397892226,0.222813,0.0,0.0,0.0,0.0,0.0,0.0,1.336877,-0.0,0.305648,0.099252,84.5211,31,24,37,36,59,34,241,83,224,79,41346,4361,23070,5227,402,138,18.50163327322306,640.3557210611682,"Census Tract 25, Montgomery County, Alabama",2408,351,
01,101,003301,1400000US01101003301,01101003301,33.01,Census Tract 33.01,AL,Montgomery County,Alabama,CT,3771841.0,0.0,1400000US01101003301,"Census Tract 33.01, Montgomery County, Alabama",3434,497,,0.0968315823859,0.0968315823859,0.000360538277474,80.48338561834677,1.9678896239925527,0.5717473814782691,0.0,100.0,0.0,0.0,0.0,0.0,0.0,0.0,0.0,0.0,41.39937858508604,0.530245,0.265123,0.0,0.0,0.0,1.06049,0.0,3.18147,0.9557,0.257135,0.198602,103.9192,0,12,36,56,11,20,75,50,806,228,95150,21302,35820,4856,239,240,26.604943262504477,1788.2381151594766,"Census Tract 33.01, Montgomery County, Alabama",3434,497,
01,085,781100,1400000US01085781100,01085781100,7811,Census Tract 7811,AL,Lowndes County,Alabama,CT,408297013.0,1225601.0,1400000US01085781100,"Census Tract 7811, Lowndes County, Alabama",1490,255,,1.31241187418,1.31241187418,0.0391100711854,79.27546522335706,4.109573380434775,0.7690600763766129,0.6478056846817924,3.2687140199575166,0.003078506308739,54.62105786272501,0.0,7.219976867224023,3.792939665674215,17.87160869546096,12.513248571792964,0.06157012617477999,0.42156011405280985,0.017144,0.0,0.0,0.0,0.0,0.0,0.0,0.100417,-0.0,0.210738,0.163758,70.8716,53,38,24,28,105,44,115,57,145,60,28857,4178,22765,6861,410,168,66.24821366473255,933.4899831006571,"Census Tract 7811, Lowndes County, Alabama",1490,255,
01,001,020502,1400000US01001020502,01001020502,205.02,Census Tract 205.02,AL,Autauga County,Alabama,CT,2097390.0,379.0,1400000US01001020502,"Census Tract 205.02, Autauga County, Alabama",3100,531,,0.0728035957053,0.0728035957053,0.000204209240346,101.14332250755392,2.972404455202703,0.4885528644629521,0.0,90.00423549343498,0.0,7.45446844557391,0.0,0.0,0.21177467174925876,1.058873358746294,1.2706480304955527,0.0,43.055908513341805,0.0,0.476783,0.0,0.0,0.0,0.0,0.0,0.953566,-0.0,0.334516,0.129355,78.8806,12,47,0,12,33,48,54,70,746,245,78375,22694,32388,5892,138,173,19.162437280502488,931.0085530936747,"Census Tract 205.02, Autauga County, Alabama",3100,531,
01,051,031001,1400000US01051031001,01051031001,310.01,Census Tract 310.01,AL,Elmore County,Alabama,CT,13578619.0,55741.0,1400000US01051031001,"Census Tract 310.01, Elmore County, Alabama",3486,530,,0.161180374369,0.161180374369,0.00131040931371,81.90375649910686,2.971995335889392,0.6988984767940363,0.18475750577367206,38.84526558891455,0.31012867040580666,34.10095677994061,0.0,0.4091059056417024,0.34971956450016495,16.634774001979544,9.165291982843945,0.0,9.926928905580812,0.0,0.0,0.0,0.0,0.0,0.0,0.0,0.368226,0.0,0.281124,0.113884,64.434,103,94,0,12,156,135,276,147,442,160,34918,24160,21367,3387,608,317,45.56870659242177,953.8074186571698,"Census Tract 310.01, Elmore County, Alabama",3486,530,
01,001,020600,1400000US01001020600,01001020600,206,Census Tract 206,AL,Autauga County,Alabama,CT,8041611.0,59779.0,1400000US01001020600,"Census Tract 206, Autauga County, Alabama",3536,382,,0.136669344264,0.136669344264,0.000775409216208,67.73552369114245,2.7070898962322474,0.6551322395470964,0.0893854748603352,68.03351955307264,0.0,11.843575418994414,0.0,0.2905027932960894,0.0446927374301676,7.273743016759776,12.290502793296088,0.1340782122905028,18.046335486745377,0.124353,0.0,0.0,0.0,0.0,0.0,0.0,0.746119,-0.0,0.277715,0.154695,81.7995,65,69,22,36,28,30,268,113,497,137,69000,21214,24783,3594,831,288,36.22894829660438,1377.651689690542,"Census Tract 206, Autauga County, Alabama",3536,382,
01,101,003303,1400000US01101003303,01101003303,33.03,Census Tract 33.03,AL,Montgomery County,Alabama,CT,3227632.0,0.0,1400000US01101003303,"Census Tract 33.03, Montgomery County, Alabama",2580,446,,0.0735441164885,0.0735441164885,0.000310349224361,74.09110761559724,1.6202262197842467,0.5820368366039956,0.0,94.61260760899751,0.0,1.2496528742016106,0.0,0.0,0.0,0.0,4.137739516800889,0.0,38.49125242988059,0.0,0.0,0.0,0.0,0.0,0.0,0.0,0.309825,0.0,0.14845,0.157364,85.7451,56,74,74,96,12,22,66,51,475,141,80313,17502,33252,6218,418,305,27.90992971463181,1306.6852698050764,"Census Tract 33.03, Montgomery County, Alabama",2580,446,
01,101,005614,1400000US01101005614,01101005614,56.14,Census Tract 56.14,AL,Montgomery County,Alabama,CT,1840357.0,5645.0,1400000US01101005614,"Census Tract 56.14, Montgomery County, Alabama",2750,638,,0.0605094023437,0.0605094023437,0.00017670534534,69.2259533858284,1.263735435571196,0.5393201194044431,0.0,81.09815354713314,0.0,1.7978620019436347,0.0,0.0,0.0,2.1379980563654035,14.965986394557824,0.0,39.96550048590865,0.0,0.0,0.0,0.0,0.0,0.0,0.0,2.173491,0.0,0.482182,0.047273,88.744,135,71,185,152,137,105,69,79,112,94,14979,4282,26683,22775,1664,544,25.853141434876534,563.8359923021214,"Census Tract 56.14, Montgomery County, Alabama",2750,638,
01,101,005604,1400000US01101005604,01101005604,56.04,Census Tract 56.04,AL,Montgomery County,Alabama,CT,389784231.0,3748405.0,1400000US01101005604,"Census Tract 56.04, Montgomery County, Alabama",3481,431,,1.32582539158,1.32582539166,0.0376328165569,79.8847943519656,1.671994679007562,0.7216542963174108,1.4956558443842556,4.3364170389391115,0.012897628008957988,16.394526715677653,0.0,0.4697081618535064,0.5942288977218099,52.53110087117615,23.688252605907113,0.4772122363314456,0.7108164133822056,0.010262,0.0,0.0,0.0,0.005131,0.0,0.0,0.125711,0.636514,0.16231,0.211721,129.6174,30,40,22,32,0,17,144,77,950,222,101434,15448,39721,4713,238,188,34.526414838787794,505.2130690408943,"Census Tract 56.04, Montgomery County, Alabama",3481,431,
01,101,001600,1400000US01101001600,01101001600,16,Census Tract 16,AL,Montgomery County,Alabama,CT,2778035.0,0.0,1400000US01101001600,"Census Tract 16, Montgomery County, Alabama",3621,641,,0.0777172017854,0.0777172017854,0.000266605413331,81.4232981479224,1.9443770257197404,0.5624048474186872,0.0,99.90297542043984,0.0,0.09702457956015524,0.0,0.0,0.0,0.0,0.0,0.0,42.76681759379043,1.0799,0.359967,0.359967,0.0,0.0,0.359967,0.0,6.4794,1.242453,0.230875,0.113228,89.4819,13,15,10,15,186,89,165,84,260,95,38813,10193,20018,6645,1104,437,30.23258265878351,1505.7249125927688,"Census Tract 16, Montgomery County, Alabama",3621,641,
01,001,020200,1400000US01001020200,01001020200,202,Census Tract 202,AL,Autauga County,Alabama,CT,3320818.0,5669.0,1400000US01001020200,"Census Tract 202, Autauga County, Alabama",1757,310,,0.0923848523988,0.0923848523988,0.000319235803077,89.52046641992321,3.721003141433425,0.6349189437779458,0.0,74.14026536691037,0.05415651232060655,24.614134849715676,0.0,0.0,0.0,1.164365014893041,0.027078256160303276,0.0,21.777145951800705,0.301131,0.0,0.0,0.0,0.301131,0.0,0.0,3.613568,0.693147,0.184974,0.161639,135.2075,16,16,5,9,45,44,111,72,182,63,50133,2571,22772,3075,257,172,41.167503667069354,1245.9678113004286,"Census Tract 202, Autauga County, Alabama",1757,310,
01,101,002100,1400000US01101002100,01101002100,21,Census Tract 21,AL,Montgomery County,Alabama,CT,3213696.0,0.0,1400000US01101002100,"Census Tract 21, Montgomery County, Alabama",3695,650,,0.0710676153192,0.0710676153192,0.000307405396723,65.3370404103485,1.0790050713247612,0.614963651388489,0.0,99.46704067321178,0.0,0.0,0.0,0.0,0.0,0.0,0.5329593267882188,0.0,34.68920056100982,0.311168,0.0,0.0,0.0,0.0,0.0,0.0,1.867009,-0.0,0.27253,0.12774,75.3678,56,54,7,12,170,90,201,96,507,188,56250,18875,25874,4173,787,431,36.14958987323954,1224.1692648532444,"Census Tract 21, Montgomery County, Alabama",3695,650,
01,101,005613,1400000US01101005613,01101005613,56.13,Census Tract 56.13,AL,Montgomery County,Alabama,CT,8113279.0,31435.0,1400000US01101005613,"Census Tract 56.13, Montgomery County, Alabama",5893,1069,,0.113372651022,0.113372651022,0.000781131304,65.93552193760193,1.038008769733415,0.6547363594796513,0.6618133686300464,47.60644165012133,0.13236267372600927,14.405470990514008,0.0,0.13236267372600927,0.022060445621001543,14.57092433267152,22.42444297374807,0.04412089124200309,16.247187293183323,0.0,0.0,0.0,0.0,0.0,0.0,0.0,0.986038,0.0,0.22637,0.216698,45.2909,118,97,43,71,56,65,338,165,528,211,49428,12006,22003,4334,1249,752,42.26879892782734,879.3178668742029,"Census Tract 56.13, Montgomery County, Alabama",5893,1069,
01,001,020503,1400000US01001020503,01001020503,205.03,Census Tract 205.03,AL,Autauga County,Alabama,CT,3107823.0,43155.0,1400000US01001020503,"Census Tract 205.03, Autauga County, Alabama",3268,483,,0.0804162393428,0.0804162393428,0.000302146336994,104.18528132834754,3.2427833900734386,0.5402526687681996,0.45805897509304316,83.93930718580017,0.0,8.044660750071571,0.0,0.0,0.0,2.404809619238477,5.153163469796737,0.0,31.918121958202118,0.0,0.0,0.0,0.0,0.0,0.0,0.0,0.965306,0.0,0.181151,0.205324,97.343,16,37,0,12,50,67,161,153,562,196,105016,13197,40522,11965,319,253,25.1514785791207,711.8562040582142,"Census Tract 205.03, Autauga County, Alabama",3268,483,
01,101,005411,1400000US01101005411,01101005411,54.11,Census Tract 54.11,AL,Montgomery County,Alabama,CT,4449501.0,88108.0,1400000US01101005411,"Census Tract 54.11, Montgomery County, Alabama",3352,604,,0.101201711768,0.101201711768,0.00043519814673,72.3478901835405,1.6281337266024243,0.5853045870210226,1.2470308788598574,90.99366587490103,0.0,3.068091844813935,0.0,0.0,0.0,0.1979414093428345,4.47347585114806,0.01979414093428345,31.783452098178937,0.0,0.0,0.0,0.0,0.0,0.0,0.0,0.0,0.0,0.212411,0.21957,85.2957,15,26,11,19,0,17,0,27,989,200,164702,29705,69347,15706,101,94,28.105709022223987,310.0212548068823,"Census Tract 54.11, Montgomery County, Alabama",3352,604,
01,101,000500,1400000US01101000500,01101000500,5,Census Tract 5,AL,Montgomery County,Alabama,CT,1707542.0,0.0,1400000US01101000500,"Census Tract 5, Montgomery County, Alabama",2474,448,,0.0554478229144,0.0554478229144,0.000164012999261,92.04995550046992,2.020499310588617,0.5855964765861323,0.0,100.0,0.0,0.0,0.0,0.0,0.0,0.0,0.0,0.0,42.91907514450867,0.585637,0.0,0.0,0.0,0.0,0.0,0.0,4.09946,-0.0,0.292643,0.118432,91.9317,58,51,0,12,47,39,263,123,195,86,41250,15136,23276,4571,639,276,30.5511469938468,1927.4200055024114,"Census Tract 5, Montgomery County, Alabama",2474,448,
01,101,000700,1400000US01101000700,01101000700,7,Census Tract 7,AL,Montgomery County,Alabama,CT,1377521.0,0.0,1400000US01101000700,"Census Tract 7, Montgomery County, Alabama",1281,229,,0.0506669784898,0.0506669784898,0.000131973522013,71.79562025955944,1.972397469344705,0.5492569555035384,0.0,100.0,0.0,0.0,0.0,0.0,0.0,0.0,0.0,0.0,48.42782495101241,1.451883,0.0,0.0,0.0,0.0,0.0,0.0,8.711301,-0.0,0.224044,0.150664,87.5549,0,12,26,21,38,53,34,28,120,54,53309,12248,21478,3834,268,120,25.00463747024716,1665.8782998635347,"Census Tract 7, Montgomery County, Alabama",1281,229,
01,101,001900,1400000US01101001900,01101001900,19,Census Tract 19,AL,Montgomery County,Alabama,CT,2360987.0,0.0,1400000US01101001900,"Census Tract 19, Montgomery County, Alabama",3234,589,,0.0620795558872,0.0620795558872,0.000226391350415,79.4960778348355,2.679652818596784,0.6339778111386444,0.0,100.0,0.0,0.0,0.0,0.0,0.0,0.0,0.0,0.0,32.18411000763942,0.0,0.0,0.0,0.0,0.0,0.0,0.0,1.270655,0.0,0.257885,0.226654,88.7916,17,29,14,22,49,69,156,83,484,117,77778,19968,30181,5404,652,480,39.14592524180147,1821.4686069897489,"Census Tract 19, Montgomery County, Alabama",3234,589,
01,051,030300,1400000US01051030300,01051030300,303,Census Tract 303,AL,Elmore County,Alabama,CT,119882539.0,45526643.0,1400000US01051030300,"Census Tract 303, Elmore County, Alabama",2193,321,,0.706881654725,0.706881654729,0.015901311955,158.71456140918357,5.059849268427553,0.46911179139517717,27.0750891326239,9.32966823612661,0.9890319244481941,53.91285414908962,0.0,2.058623411262009,1.8234765805731703,4.001306371281604,0.7979751245135127,0.011975070081376044,1.9417140679857388,0.0,0.0,0.0,0.0,0.0,0.0,0.0,0.158488,0.0,0.148199,0.360237,77.8589,0,12,7,12,21,35,70,40,491,123,116985,20249,55410,11147,99,92,51.73774624756593,336.4020478485071,"Census Tract 303, Elmore County, Alabama",2193,321,
01,101,003200,1400000US01101003200,01101003200,32,Census Tract 32,AL,Montgomery County,Alabama,CT,9503090.0,78827.0,1400000US01101003200,"Census Tract 32, Montgomery County, Alabama",5795,1106,,0.134024860007,0.134024860007,0.000916743313138,61.50113119237152,0.8825802328758127,0.6889986748983589,0.4042493184168469,49.87308451631099,0.0,14.806806430384507,0.0,0.0658080285794867,0.01880229387985334,8.235404719375763,26.530036664473066,0.0658080285794867,15.663157894736843,0.105229,0.0,0.0,0.0,0.0,0.0,0.0,1.262747,-0.0,0.30371,0.0956,73.1919,162,144,24,42,33,46,657,320,427,177,42299,4425,20358,4464,1193,770,48.298116983206334,961.0051706904237,"Census Tract 32, Montgomery County, Alabama",5795,1106,
01,101,001000,1400000US01101001000,01101001000,10,Census Tract 10,AL,Montgomery County,Alabama,CT,3988873.0,170663.0,1400000US01101001000,"Census Tract 10, Montgomery County, Alabama",1256,234,,0.12119746217,0.12119746217,0.000398709524372,50.587986582713114,0.9314837300433756,0.5359600874590241,4.112554112554113,86.81818181818181,0.0,1.341991341991342,0.0,0.0,0.04329004329004329,0.8008658008658008,6.883116883116883,0.0,38.10127677991777,0.501395,0.0,0.0,0.0,0.250697,0.0,0.0,2.506974,0.636514,0.282643,0.147293,90.0151,24,26,83,57,75,49,65,54,32,36,18801,5300,9116,1879,648,262,25.229175962039253,1403.2007998844429,"Census Tract 10, Montgomery County, Alabama",1256,234,
01,101,005902,1400000US01101005902,01101005902,59.02,Census Tract 59.02,AL,Montgomery County,Alabama,CT,5208396.0,327092.0,1400000US01101005902,"Census Tract 59.02, Montgomery County, Alabama",2608,340,,0.121362169702,0.121362169702,0.000528405728447,57.13438642728274,1.1287623595790057,0.6320240821682414,0.4237978810105949,53.98533007334964,0.0,5.020374898125509,0.0,0.21189894050529745,0.0,22.444987775061126,17.91361043194784,0.0,20.7879380603097,0.0,0.0,0.0,0.0,0.0,0.0,0.0,0.767991,0.0,0.230445,0.22546,82.6331,76,66,15,22,84,69,159,80,313,110,48807,11129,17596,2994,769,366,30.762035490665507,630.1507912631353,"Census Tract 59.02, Montgomery County, Alabama",2608,340,
01,101,005402,1400000US01101005402,01101005402,54.02,Census Tract 54.02,AL,Montgomery County,Alabama,CT,5387237.0,0.0,1400000US01101005402,"Census Tract 54.02, Montgomery County, Alabama",6655,1169,,0.0973228081516,0.0973228081516,0.000517107890076,61.81334735359743,0.952255272443568,0.50750030810181,0.0,91.2927439532944,0.0,3.0025020850708923,0.0,0.0,0.0,0.0,5.704753961634696,0.0,45.5511259382819,0.185624,0.371248,0.0,0.0,0.0,0.185624,0.0,0.92812,1.039721,0.312847,0.130428,71.9638,77,84,147,216,233,152,348,160,587,204,47630,22783,20067,3271,1415,801,25.674154179119316,1230.6004920964276,"Census Tract 54.02, Montgomery County, Alabama",6655,1169,
01,101,006100,1400000US01101006100,01101006100,61,Census Tract 61,AL,Montgomery County,Alabama,CT,7293155.0,137020.0,1400000US01101006100,"Census Tract 61, Montgomery County, Alabama",2138,386,,0.169794737494,0.169794737494,0.000717093967759,54.053454183225966,1.4614351298336257,0.6673065159844207,1.4054054054054055,43.95195195195195,0.8528528528528528,16.42042042042042,0.0,0.5405405405405406,0.6366366366366366,15.93993993993994,20.192192192192195,0.06006006006006006,16.875075075075074,0.137115,0.0,0.0,0.0,0.0,0.0,0.0,0.685574,-0.0,0.187091,0.287652,68.612,119,119,36,29,35,26,118,47,205,68,37313,19183,17387,3227,659,299,38.9705483016904,457.9840696972641,"Census Tract 61, Montgomery County, Alabama",2138,386,
01,101,005503,1400000US01101005503,01101005503,55.03,Census Tract 55.03,AL,Montgomery County,Alabama,CT,18875446.0,87612.0,1400000US01101005503,"Census Tract 55.03, Montgomery County, Alabama",5927,597,,0.222249870144,0.222249870144,0.00181581308622,70.56192141072506,1.4770115753552857,0.6321026148901301,0.6375487677229041,59.39194975735084,0.03330478637358455,9.67741935483871,0.0,0.09991435912075364,0.10467218574555144,10.291178989437624,19.559425254543726,0.20458654486630506,19.506388638198832,0.052979,0.0,0.0,0.0,0.0,0.0,0.0,0.529789,-0.0,0.295765,0.102581,81.8098,64,79,0,17,14,13,189,126,1526,271,92750,20460,39074,4373,179,151,35.04452101921622,550.6310241319549,"Census Tract 55.03, Montgomery County, Alabama",5927,597,
01,101,001700,1400000US01101001700,01101001700,17,Census Tract 17,AL,Montgomery County,Alabama,CT,5040024.0,4085.0,1400000US01101001700,"Census Tract 17, Montgomery County, Alabama",4752,639,,0.0874264808007,0.0874264808007,0.000480286783399,80.60082617452298,3.1144246000504543,0.6288874657046402,0.01795654516071108,98.25821511941103,0.0,1.5981325193032863,0.0,0.0,0.0,0.12569581612497754,0.0,0.0,31.81289279942539,0.396824,0.198412,0.0,0.0,0.0,0.0,0.0,5.753941,0.636514,0.179503,0.163931,90.4609,37,36,20,32,161,103,315,147,567,197,52988,9334,24092,4017,692,316,36.28191877033751,925.7329344846584,"Census Tract 17, Montgomery County, Alabama",4752,639,
01,001,021000,1400000US01001021000,01001021000,210,Census Tract 210,AL,Autauga County,Alabama,CT,386865283.0,1575402.0,1400000US01001021000,"Census Tract 210, Autauga County, Alabama",2904,479,,1.09360037626,1.09361196331,0.0373060807612,117.27427042832015,5.761180740340072,0.7491219840889242,0.3014951651603522,5.6817205200210905,0.44202257265034695,50.077928835062636,0.0,9.446229103806782,10.478002234501918,12.004292473537877,10.770903161518254,0.7974059337407466,0.7448848349173022,0.007755,0.0,0.0,0.0,0.00517,0.0,0.0,0.074961,0.673012,0.182507,0.115014,88.9395,94,68,27,44,162,172,104,72,440,151,57614,31236,26173,5340,768,363,61.02521910405294,1255.7872565152593,"Census Tract 210, Autauga County, Alabama",2904,479,
01,001,020400,1400000US01001020400,01001020400,204,Census Tract 204,AL,Autauga County,Alabama,CT,6384282.0,8408.0,1400000US01001020400,"Census Tract 204, Autauga County, Alabama",3539,500,,0.114026739679,0.114026739679,0.000610637687508,99.9680489989226,3.427577713711308,0.6410646453366246,0.0730033581544751,67.732515695722,0.0,20.148926850635128,0.0,0.0,0.0,7.475543875018251,4.570010220470142,0.0,19.644039032668648,0.0,0.0,0.0,0.0,0.0,0.0,0.0,0.939808,0.0,0.144109,0.273806,102.808,22,25,38,49,67,65,192,108,818,197,75580,19697,47056,19753,281,186,39.208020297476,1086.7570390384449,"Census Tract 204, Autauga County, Alabama",3539,500,
01,001,020700,1400000US01001020700,01001020700,207,Census Tract 207,AL,Autauga County,Alabama,CT,22411848.0,772012.0,1400000US01001020700,"Census Tract 207, Autauga County, Alabama",3562,517,,0.215289806369,0.215289806369,0.00222029241167,68.18335714701672,3.291976130000234,0.6302614335361807,4.429660879441831,29.279571637189683,4.778516956027908,28.598085348044783,0.0,0.08112932013629726,0.3813078046405971,21.259938341716698,11.094434528638649,0.09735518416355671,9.14179684464133,0.133858,0.0,0.0,0.0,0.0,0.0,0.0,0.758527,-0.0,0.267827,0.099663,86.4921,115,81,50,50,97,58,147,74,388,129,45625,16755,24192,5525,1058,373,38.49341163911749,699.337340631786,"Census Tract 207, Autauga County, Alabama",3562,517,
01,051,030902,1400000US01051030902,01051030902,309.02,Census Tract 309.02,AL,Elmore County,Alabama,CT,28557815.0,593552.0,1400000US01051030902,"Census Tract 309.02, Elmore County, Alabama",3926,589,,0.316044554878,0.316044554878,0.00279818453966,68.5130974564012,1.8651748613213794,0.6828874404313542,1.5166991673631103,22.19952332311883,3.553409477822144,24.499334509549016,0.0,0.6407280156003342,1.1359767233107376,32.85975175658526,12.935277184511095,0.6592998421394743,5.038656292453996,0.035017,0.0,0.0,0.0,0.0,0.0,0.0,0.31515,-0.0,0.199694,0.182374,80.8383,20,36,60,41,89,90,309,149,615,154,60515,16948,25799,4484,669,302,38.13101880546326,557.5109105319159,"Census Tract 309.02, Elmore County, Alabama",3926,589,
01,101,000100,1400000US01101000100,01101000100,1,Census Tract 1,AL,Montgomery County,Alabama,CT,2245795.0,92968.0,1400000US01101000100,"Census Tract 1, Montgomery County, Alabama",588,176,,0.0783090354255,0.0783090354255,0.000222948457063,61.56986137980959,3.1623247840328856,0.29795834672379706,3.6335523772709704,96.36644762272904,0.0,0.0,0.0,0.0,0.0,0.0,0.0,0.0,69.66950135291845,1.781106,1.781106,0.0,0.0,0.0,8.460256,0.890553,23.154384,1.007951,0.057823,0.064626,140.9836,0,12,0,12,15,22,1,24,60,52,,,44732,8945,92,44,6.022917314680647,436.06698082036837,"Census Tract 1, Montgomery County, Alabama",588,176,
01,101,005611,1400000US01101005611,01101005611,56.11,Census Tract 56.11,AL,Montgomery County,Alabama,CT,8438518.0,50415.0,1400000US01101005611,"Census Tract 56.11, Montgomery County, Alabama",3703,431,,0.136536563884,0.136536563884,0.000811593411061,72.30650751777817,1.2234899148162774,0.6294850778916662,1.636035270370764,42.483799001381065,0.0,19.515563582279828,0.0,0.010623605651758208,0.04249442260703283,23.2338255603952,12.992669712100287,0.08498884521406566,18.467438648677362,0.118504,0.0,0.0,0.0,0.0,0.0,0.0,0.592521,-0.0,0.278423,0.118553,99.3003,40,54,9,13,68,58,128,86,778,156,97284,24230,43114,5502,608,351,32.58019671016903,385.5984483624043,"Census Tract 56.11, Montgomery County, Alabama",3703,431,
01,101,005612,1400000US01101005612,01101005612,56.12,Census Tract 56.12,AL,Montgomery County,Alabama,CT,10036863.0,22425.0,1400000US01101005612,"Census Tract 56.12, Montgomery County, Alabama",2061,263,,0.144190979702,0.144190979702,0.000963465386581,73.312219851444,1.0860760009997756,0.7058406508192686,1.1176680972818311,23.488912732474965,0.02682403433476395,21.396638054363375,0.0,0.42024320457796854,0.11623748211731044,36.78469241773963,16.38948497854077,0.2592989985693849,9.611409155937054,0.0,0.0,0.0,0.0,0.0,0.0,0.0,0.0,0.0,0.318777,0.053857,88.9093,17,17,13,16,8,18,20,25,503,113,90819,11073,36069,4637,124,99,33.92619001511331,564.7434809270063,"Census Tract 56.12, Montgomery County, Alabama",2061,263,
01,101,005607,1400000US01101005607,01101005607,56.07,Census Tract 56.07,AL,Montgomery County,Alabama,CT,5860606.0,38479.0,1400000US01101005607,"Census Tract 56.07, Montgomery County, Alabama",5931,1161,,0.111135124635,0.111135124635,0.000565131623968,74.17250288248106,0.9264018141269244,0.5581878966445186,1.5558267236119585,78.11165344722392,0.0,3.935326418547895,0.0,0.0,0.03050640634533252,8.511287370347773,7.230018303843807,0.6253813300793167,33.300945698596706,0.0,0.0,0.0,0.0,0.0,0.0,0.0,2.730093,0.0,0.387793,0.067779,111.9728,21,23,0,17,0,24,60,58,1558,367,111124,1806,37374,3122,89,75,20.98664320304724,299.77278692272716,"Census Tract 56.07, Montgomery County, Alabama",5931,1161,
01,001,020803,1400000US01001020803,01001020803,208.03,Census Tract 208.03,AL,Autauga County,Alabama,CT,129030127.0,584928.0,1400000US01001020803,"Census Tract 208.03, Autauga County, Alabama",4350,684,,0.514987595991,0.514987595991,0.012436370111,118.27831782435734,4.807376557688217,0.7401444498915787,0.5250019122586208,8.993873818745698,0.05284787461146381,48.20073847951102,0.0,4.97604461473204,5.7291268279454,18.748478885187993,12.657065969445583,0.11682161756218316,1.3041252509255594,0.00775,0.00775,0.0,0.0,0.0,0.0,0.0,0.155003,0.693147,0.233793,0.165517,78.7182,60,90,46,73,198,152,165,117,599,237,66250,27966,22539,4287,902,631,57.417215528149434,902.9473787118114,"Census Tract 208.03, Autauga County, Alabama",4350,684,
01,051,030101,1400000US01051030101,01051030101,301.01,Census Tract 301.01,AL,Elmore County,Alabama,CT,76317182.0,8374141.0,1400000US01051030101,"Census Tract 301.01, Elmore County, Alabama",3469,782,,0.46528584992,0.465288783899,0.00814116068915,116.46327652570187,5.0431382815834365,0.6537720313605134,9.62561521871371,9.937510368854726,0.46452469169938615,48.48310567936736,0.0,3.485041198916109,4.810042581430072,19.39390587844937,3.7062434330586735,0.09401094951059005,1.507099132800544,0.013103,0.0,0.0,0.0,0.0,0.0,0.0,0.157239,-0.0,0.2629,0.141539,116.1371,28,34,12,20,20,30,196,113,812,259,81250,8458,30634,6546,190,119,46.759137682763566,679.9622074883246,"Census Tract 301.01, Elmore County, Alabama",3469,782,
01,051,030401,1400000US01051030401,01051030401,304.01,Census Tract 304.01,AL,Elmore County,Alabama,CT,238783623.0,3069075.0,1400000US01051030401,"Census Tract 304.01, Elmore County, Alabama",3298,721,,0.912508526335,0.912508526351,0.0231917384332,94.32488483406676,4.50591840074047,0.7175735987997452,1.1347022497654222,5.844153010234141,0.05324372095053134,56.47194885111397,0.0,3.8684618238156547,3.603116066947433,13.678835620922165,15.274401553669234,0.07113710258144762,0.9486726915930307,0.004188,0.0,0.0,0.0,0.0,0.0,0.0,0.117261,-0.0,0.211037,0.19436,86.433,53,82,2,9,55,54,48,53,776,289,67667,21332,32620,8236,356,248,57.72795061410321,907.817177199211,"Census Tract 304.01, Elmore County, Alabama",3298,721,
01,101,005412,1400000US01101005412,01101005412,54.12,Census Tract 54.12,AL,Montgomery County,Alabama,CT,10531904.0,113534.0,1400000US01101005412,"Census Tract 54.12, Montgomery County, Alabama",5051,474,,0.189021291443,0.189021291443,0.00102290212253,75.94629444087411,1.4987857039752093,0.5196596971827945,1.1726988947945667,91.93453134227622,0.0,3.7290137517927953,0.0,0.0,0.008436682696363789,0.759301442672741,2.3538344722854974,0.04218341348181895,39.786202243400524,0.09495,1.519193,0.0,0.0,0.0,0.284849,0.0,2.468689,0.612869,0.135221,0.245496,67.3071,84,73,12,18,7,22,120,101,1073,216,112335,8660,63513,11307,595,294,21.356937187614758,408.26822522959503,"Census Tract 54.12, Montgomery County, Alabama",5051,474,
01,101,005700,1400000US01101005700,01101005700,57,Census Tract 57,AL,Montgomery County,Alabama,CT,322817892.0,1399522.0,1400000US01101005700,"Census Tract 57, Montgomery County, Alabama",1464,463,,0.748099855005,0.748099855005,0.0309561782785,121.15807910814517,3.0881546996684985,0.7503167738812395,0.6811410292365834,4.362579172578867,0.005275857951689802,51.33187645606737,0.0,7.640553020984031,8.761256320616665,13.335702841466022,13.735279662122949,0.14633563897581714,0.6601888641771692,0.0,0.0,0.0,0.0,0.003098,0.0,0.0,0.092932,-0.0,0.183743,0.190574,86.7347,58,51,6,8,20,25,64,40,171,63,56172,27481,22286,6900,557,422,64.62062638561616,718.6875744552714,"Census Tract 57, Montgomery County, Alabama",1464,463,
01,101,005800,1400000US01101005800,01101005800,58,Census Tract 58,AL,Montgomery County,Alabama,CT,264812646.0,2173566.0,1400000US01101005800,"Census Tract 58, Montgomery County, Alabama",2030,385,,0.73193787854,0.73193787854,0.0254963446017,118.38821821288781,3.8096306927869947,0.7316938103134236,0.965012808413105,5.821423756235674,0.006741270055278414,52.12552244842929,0.0,5.989955507617635,6.02130241337468,18.932856950249427,10.063705002022381,0.07347984360253472,0.8283200755022246,0.015105,0.0,0.0,0.0,0.007553,0.0,0.0,0.105735,0.636514,0.102463,0.304926,95.3802,0,12,0,12,43,69,211,83,381,138,59097,21991,29093,5785,94,57,61.28066910178925,536.176326986682,"Census Tract 58, Montgomery County, Alabama",2030,385,
01,101,006000,1400000US01101006000,01101006000,60,Census Tract 60,AL,Montgomery County,Alabama,CT,113412866.0,8004208.0,1400000US01101006000,"Census Tract 60, Montgomery County, Alabama",2981,576,,0.727254754687,0.727254754687,0.0116348196039,50.336631667599086,1.218485974353894,0.6588365476172344,6.096444685659665,14.113520563147535,1.287981271618239,15.94747628575363,0.0,0.5637955755008142,0.9574804170143136,34.22708972936192,26.274007889897856,0.5322035820460271,3.7759726061917713,0.026452,0.0,0.0,0.0,0.0,0.0,0.0,0.193982,-0.0,0.184837,0.222073,108.7535,37,33,28,38,67,49,99,72,467,145,59273,6636,22877,3187,599,234,34.57618162580103,430.9699283717857,"Census Tract 60, Montgomery County, Alabama",2981,576,
01,101,000200,1400000US01101000200,01101000200,2,Census Tract 2,AL,Montgomery County,Alabama,CT,1757359.0,0.0,1400000US01101000200,"Census Tract 2, Montgomery County, Alabama",1457,265,,0.0732810527689,0.0732810527689,0.000167708002827,81.39639752874122,2.477737062898317,0.42191927468904306,0.0,100.0,0.0,0.0,0.0,0.0,0.0,0.0,0.0,0.0,61.68859198355601,1.707107,0.0,0.0,0.0,0.0,0.0,0.569036,5.690357,0.562335,0.069321,0.208648,276.4858,0,12,16,28,12,23,30,30,51,36,47813,12730,14792,2633,243,170,12.833100710776206,868.9576781209845,"Census Tract 2, Montgomery County, Alabama",1457,265,
01,101,000600,1400000US01101000600,01101000600,6,Census Tract 6,AL,Montgomery County,Alabama,CT,1685474.0,0.0,1400000US01101000600,"Census Tract 6, Montgomery County, Alabama",1707,409,,0.0655577336237,0.0655577336237,0.000162683761273,84.2414811318969,2.586500732851343,0.427998887272743,0.0,100.0,0.0,0.0,0.0,0.0,0.0,0.0,0.0,0.0,58.08704883227176,1.18661,0.0,0.0,0.0,0.0,0.0,0.0,8.306269,-0.0,0.406561,0.130639,80.6349,93,44,60,35,88,53,103,99,62,45,18667,6934,12790,3973,924,284,12.70365781661858,1560.5334774396238,"Census Tract 6, Montgomery County, Alabama",1707,409,
01,101,001300,1400000US01101001300,01101001300,13,Census Tract 13,AL,Montgomery County,Alabama,CT,2256230.0,0.0,1400000US01101001300,"Census Tract 13, Montgomery County, Alabama",1888,322,,0.0638438699626,0.0638438699626,0.00021573439815,70.9842115297528,1.168380859102992,0.5943269165936406,0.0,99.92009588493808,0.0,0.0,0.0,0.0,0.0,0.0,0.07990411506192568,0.0,33.78705553335997,0.886434,0.886434,0.0,0.0,0.0,0.886434,0.0,5.761824,1.098612,0.161017,0.190148,88.0478,57,47,0,12,31,28,40,51,261,87,71513,19268,43875,11789,361,163,32.96062630493256,2115.9850821534365,"Census Tract 13, Montgomery County, Alabama",1888,322,
01,101,002300,1400000US01101002300,01101002300,23,Census Tract 23,AL,Montgomery County,Alabama,CT,3185680.0,100230.0,1400000US01101002300,"Census Tract 23, Montgomery County, Alabama",2551,452,,0.0833185867279,0.0833185867279,0.000313952503358,56.94210190827182,0.8418061957425158,0.5832324357112117,2.582417582417582,95.71428571428572,0.0,0.0,0.0,0.0,0.0,0.0,1.7032967032967032,0.0,34.575274725274724,0.0,0.0,0.313905,0.0,0.0,0.0,0.0,2.197333,-0.0,0.119561,0.281458,133.181,76,65,66,43,84,54,131,71,176,87,28598,8269,17351,3765,1076,376,25.391047832973843,568.9637533845765,"Census Tract 23, Montgomery County, Alabama",2551,452,
01,101,002400,1400000US01101002400,01101002400,24,Census Tract 24,AL,Montgomery County,Alabama,CT,3709019.0,57096.0,1400000US01101002400,"Census Tract 24, Montgomery County, Alabama",1682,440,,0.0837821480977,0.0837821480977,0.000360888828613,57.291190642403166,0.939449687086514,0.5843298654514848,0.6680983058935815,76.7120019088523,0.0,13.051777618706753,0.0,0.0,0.047721307563827246,0.26246719160104987,9.257933667382487,0.0,37.30971128608924,0.269613,0.0,0.269613,0.0,0.0,0.0,0.0,2.156905,0.693147,0.206897,0.194411,96.266,32,27,54,73,67,40,107,59,88,49,26810,8629,15131,4196,710,396,32.93346286151103,728.9156015932172,"Census Tract 24, Montgomery County, Alabama",1682,440,
01,101,005606,1400000US01101005606,01101005606,56.06,Census Tract 56.06,AL,Montgomery County,Alabama,CT,2538606.0,10270.0,1400000US01101005606,"Census Tract 56.06, Montgomery County, Alabama",3715,912,,0.0715074724912,0.0715074724912,0.000245708644132,73.46979836850223,1.4922785688049625,0.523617725899541,0.0,93.44089793055068,0.0,1.578393546124167,0.0,0.0,0.0,0.8067344791301297,4.1739740441950195,0.0,44.95720799719397,0.393917,0.0,0.0,0.0,0.0,0.0,0.0,1.181751,-0.0,0.241723,0.077524,80.9547,75,85,16,27,86,72,115,100,539,284,74205,40110,32604,16264,861,403,21.797124459976324,471.30869025579113,"Census Tract 56.06, Montgomery County, Alabama",3715,912,
01,101,000400,1400000US01101000400,01101000400,4,Census Tract 4,AL,Montgomery County,Alabama,CT,5059608.0,0.0,1400000US01101000400,"Census Tract 4, Montgomery County, Alabama",4220,926,,0.0896427457015,0.0896427457015,0.000484298010118,70.42421420205015,3.1554793619857624,0.6911162615969347,0.0,76.00641254007837,0.0,9.102244389027431,0.0,0.053437833986462416,0.017812611328820803,0.17812611328820804,14.641966512290702,0.0,26.06074100463128,0.197644,0.0,0.0,0.0,0.0,0.0,0.0,1.976438,-0.0,0.319431,0.145498,101.432,98,66,43,38,281,209,248,104,186,88,25429,11417,16338,5009,1681,724,48.468361079909,1081.1723875477624,"Census Tract 4, Montgomery County, Alabama",4220,926,
01,101,002600,1400000US01101002600,01101002600,26,Census Tract 26,AL,Montgomery County,Alabama,CT,4965228.0,0.0,1400000US01101002600,"Census Tract 26, Montgomery County, Alabama",5791,678,,0.1006434242,0.1006434242,0.000476168565312,73.96548598803459,1.0320109484184619,0.5343576759022536,0.0,100.0,0.0,0.0,0.0,0.0,0.0,0.0,0.0,0.0,43.70903494477639,0.402801,0.0,0.0,0.0,0.0,0.0,0.0,1.007003,-0.0,0.184597,0.248834,96.3051,31,32,59,61,9,24,247,126,1098,267,73480,9804,28623,2934,564,351,21.706033681649863,1311.3998475550927,"Census Tract 26, Montgomery County, Alabama",5791,678,
01,101,001500,1400000US01101001500,01101001500,15,Census Tract 15,AL,Montgomery County,Alabama,CT,2380177.0,0.0,1400000US01101001500,"Census Tract 15, Montgomery County, Alabama",3420,414,,0.0901336666977,0.0901336666977,0.000229031103826,81.58339925259256,1.472998865172496,0.5148840549167871,0.0,100.0,0.0,0.0,0.0,0.0,0.0,0.0,0.0,0.0,45.26137645731478,1.26041,0.0,0.0,0.0,0.0,0.0,0.0,5.041642,-0.0,0.145322,0.083918,69.727,72,58,9,14,51,37,109,53,181,88,40833,22304,11135,2173,789,256,22.582165808250252,1226.781988121251,"Census Tract 15, Montgomery County, Alabama",3420,414,
01,101,002800,1400000US01101002800,01101002800,28,Census Tract 28,AL,Montgomery County,Alabama,CT,3489421.0,1943.0,1400000US01101002800,"Census Tract 28, Montgomery County, Alabama",5152,555,,0.0950595534262,0.0950595534262,0.000334366659202,70.76879623254626,1.2837949582493506,0.4714569164966793,0.0,99.87106756059825,0.0,0.0,0.0,0.0,0.0,0.0,0.12893243940175347,0.0,54.08354822073234,0.28658,0.28658,0.0,0.0,0.28658,0.0,0.0,2.006063,1.098612,0.209239,0.141304,88.3041,56,50,37,61,236,120,174,103,586,165,52413,10224,24464,3373,1248,477,17.588211624184982,1960.6085409835796,"Census Tract 28, Montgomery County, Alabama",5152,555,
01,101,005301,1400000US01101005301,01101005301,53.01,Census Tract 53.01,AL,Montgomery County,Alabama,CT,1534586.0,0.0,1400000US01101005301,"Census Tract 53.01, Montgomery County, Alabama",994,217,,0.0626344206838,0.0626344206838,0.000145962940422,66.04361462486385,0.7933225065737093,0.4806613345210768,0.0,100.0,0.0,0.0,0.0,0.0,0.0,0.0,0.0,0.0,50.971005917159765,0.0,0.0,0.0,0.0,0.0,0.0,0.0,0.651642,0.0,0.375252,0.0,193.2153,0,12,0,12,0,17,45,36,186,56,73438,18804,33277,8924,0,12,8.681751168310951,1126.8890498046183,"Census Tract 53.01, Montgomery County, Alabama",994,217,
01,085,781200,1400000US01085781200,01085781200,7812,Census Tract 7812,AL,Lowndes County,Alabama,CT,474919514.0,2078194.0,1400000US01085781200,"Census Tract 7812, Lowndes County, Alabama",2820,289,,1.11240993471,1.11240993471,0.0455324858486,100.5938234319246,4.128360799562332,0.770227828645993,0.4563580475352512,4.19350940660237,0.029643447853965423,58.809013118641765,0.0,5.972493901379837,4.5445104866056925,16.843142734145474,8.965726887551263,0.18560196968438225,0.642902838034455,0.010528,0.0,0.0,0.0,0.004211,0.002106,0.0,0.08633,0.900256,0.248582,0.124468,85.7708,128,77,59,47,136,82,130,67,331,113,34286,26216,19208,3041,853,255,65.95697139416824,845.9457686416196,"Census Tract 7812, Lowndes County, Alabama",2820,289,
01,051,031300,1400000US01051031300,01051031300,313,Census Tract 313,AL,Elmore County,Alabama,CT,31946902.0,4242337.0,1400000US01051031300,"Census Tract 313, Elmore County, Alabama",5166,884,,0.340514356967,0.340514356967,0.00347072047309,61.45756053768185,2.305658255975169,0.5897578593640769,9.99523200080303,37.052372706968804,1.0891113955180807,16.828527692037444,0.0,0.4466862405581068,1.1894903259805767,19.365605159477024,13.75944189314663,0.2735325855103014,10.443377928084747,0.0,0.031302,0.0,0.0,0.062604,0.125208,0.0,0.563435,0.9557,0.230739,0.125436,78.4456,41,45,20,20,130,93,326,170,810,225,61188,11223,26614,4969,873,520,33.33226633527666,528.2857541915116,"Census Tract 313, Elmore County, Alabama",5166,884,
01,051,030500,1400000US01051030500,01051030500,305,Census Tract 305,AL,Elmore County,Alabama,CT,165331585.0,1569175.0,1400000US01051030500,"Census Tract 305, Elmore County, Alabama",4573,577,,0.557759411315,0.557759411315,0.0160424793157,147.78372106670594,4.4227226132238755,0.7195608009994279,0.7186132706075303,8.78251158575074,0.0415414578354203,54.11287407543281,0.0,4.185976251234106,3.3033551470945257,26.061060548023544,2.7892121689496485,0.004855495071672502,1.6336070479261133,0.018145,0.0,0.0,0.0,0.030242,0.0,0.0,0.205647,0.661563,0.183906,0.221955,87.1113,32,26,8,14,133,79,291,140,832,254,70719,4842,26309,2360,405,182,53.618849897013035,499.3689523222358,"Census Tract 305, Elmore County, Alabama",4573,577,
01,051,030901,1400000US01051030901,01051030901,309.01,Census Tract 309.01,AL,Elmore County,Alabama,CT,27113866.0,60318.0,1400000US01051030901,"Census Tract 309.01, Elmore County, Alabama",6205,669,,0.224293752138,0.224293752138,0.00260756950952,114.24989055263065,4.352204497043176,0.7119693713847726,0.15796195469516702,25.058815621429055,0.1277139208173691,41.01297304564092,0.0,0.6049606775559588,0.3696981918397526,27.478658331652888,5.182496471062715,0.0067217853061773206,4.7966000596480765,0.036881,0.0,0.0,0.0,0.0,0.0,0.0,0.147526,-0.0,0.286704,0.083642,89.9296,8,14,0,17,10,23,282,161,1352,260,79063,13515,27717,2549,75,72,43.91006781391356,1083.0611408606999,"Census Tract 309.01, Elmore County, Alabama",6205,669,
01,051,030200,1400000US01051030200,01051030200,302,Census Tract 302,AL,Elmore County,Alabama,CT,280829302.0,9479096.0,1400000US01051030200,"Census Tract 302, Elmore County, Alabama",4458,766,,0.940573895908,0.940631972504,0.0279114013013,144.61796227279197,5.603879316934562,0.7358183612148945,2.992461477872841,6.317039664844315,0.12031865838493909,66.85313991385432,0.0,6.499068150596788,4.703591263873083,11.906275486313753,0.6009730926546699,0.00713229160529278,0.9646377728370714,0.010683,0.0,0.0,0.0,0.0,0.0,0.0,0.106826,-0.0,0.207941,0.178555,119.4978,49,51,7,15,116,117,204,93,950,315,79615,21837,32317,7280,661,489,64.54594756817706,688.6782490043718,"Census Tract 302, Elmore County, Alabama",4458,766,
01,051,030103,1400000US01051030103,01051030103,301.03,Census Tract 301.03,AL,Elmore County,Alabama,CT,59130244.0,1616794.0,1400000US01051030103,"Census Tract 301.03, Elmore County, Alabama",4707,709,,0.369317569544,0.369317569544,0.00583870206949,103.39894788235904,2.5632943878758705,0.6263972675666958,3.073785157088671,10.647319831102841,3.6266370858083445,24.255707435768983,0.0,0.6136835325270165,2.5996564803549704,42.19924139411722,10.892435411150075,2.091533672081872,1.6742636278821805,0.0,0.0,0.0,0.0,0.0,0.0,0.0,0.152206,0.0,0.121946,0.037816,516.9069,0,12,0,12,0,17,131,111,249,129,54569,6290,7275,1246,47,64,26.93471857476743,796.0151015780576,"Census Tract 301.03, Elmore County, Alabama",4707,709,
01,051,030102,1400000US01051030102,01051030102,301.02,Census Tract 301.02,AL,Elmore County,Alabama,CT,29172823.0,2300454.0,1400000US01051030102,"Census Tract 301.02, Elmore County, Alabama",1415,223,,0.265953752256,0.265953752256,0.00302383117761,80.19985284527635,1.7417434157739669,0.6226096434250586,8.274284261701249,13.418702932858823,0.13981125480601186,22.30942772711385,0.0,0.5910203044072321,0.6990562740300594,41.53029773442217,12.821327571414953,0.21607193924565474,2.3929847631571426,0.034278,0.0,0.0,0.0,0.0,0.0,0.0,0.068557,-0.0,0.125088,0.194346,107.478,13,21,0,12,0,17,134,85,212,99,61484,37639,29260,5134,86,76,29.178027742361063,607.2319135372745,"Census Tract 301.02, Elmore County, Alabama",1415,223,
01,051,031002,1400000US01051031002,01051031002,310.02,Census Tract 310.02,AL,Elmore County,Alabama,CT,9947196.0,41383.0,1400000US01051031002,"Census Tract 310.02, Elmore County, Alabama",3054,538,,0.161099150764,0.161099150764,0.000958962262414,112.77605403102072,4.824098123209978,0.6711906741470715,0.2523886785649901,49.12565350639986,0.009013881377321075,34.44204074274382,0.0,0.18929150892374255,0.12619433928249504,14.59347394988282,1.2619433928249504,0.0,11.726879394267172,0.0,0.0,0.0,0.0,0.100531,0.301593,0.0,0.603185,0.562335,0.181729,0.148985,70.6145,14,21,141,128,16,29,146,118,523,180,66643,12209,32536,5478,580,338,39.17446140554318,972.7420164135336,"Census Tract 310.02, Elmore County, Alabama",3054,538,
01,051,030702,1400000US01051030702,01051030702,307.02,Census Tract 307.02,AL,Elmore County,Alabama,CT,105744231.0,2998563.0,1400000US01051030702,"Census Tract 307.02, Elmore County, Alabama",3713,518,,0.756658707646,0.756658707646,0.010436389963,91.79390051221289,5.431094432001987,0.7478164735859044,2.5264826090583035,9.841521394611727,0.11427141546417549,59.14671782467261,0.0,3.2421386270748185,3.4715155559262656,10.639753107014764,10.955876219868212,0.061723246309116686,2.0310544611819235,0.0,0.037827,0.02837,0.0,0.0,0.02837,0.018914,0.226963,1.357978,0.169405,0.244277,111.567,17,18,0,12,9,18,113,82,1028,245,110768,11282,42914,5016,127,100,67.29015160288837,557.1324092229567,"Census Tract 307.02, Elmore County, Alabama",3713,518,
01,051,030701,1400000US01051030701,01051030701,307.01,Census Tract 307.01,AL,Elmore County,Alabama,CT,92645189.0,1884261.0,1400000US01051030701,"Census Tract 307.01, Elmore County, Alabama",7674,789,,0.555105833477,0.555105833477,0.00907233204403,89.44978071819342,4.477791231208934,0.7211041609378086,1.7489424638265745,15.968020519821694,0.8956736686421132,45.936889137112544,0.0,1.5555348702514298,1.1583770310382988,16.24830639072471,16.34656158532171,0.14169433326093478,3.0745118191161356,0.010794,0.0,0.0,0.0,0.0,0.0,0.0,0.14032,-0.0,0.291113,0.107636,90.1388,50,49,0,17,4,18,83,66,1908,377,116353,5903,40214,3434,293,247,54.128233100939774,738.9415552036432,"Census Tract 307.01, Elmore County, Alabama",7674,789,
01,001,020902,1400000US01001020902,01001020902,209.02,Census Tract 209.02,AL,Autauga County,Alabama,CT,187504577.0,244436.0,1400000US01001020902,"Census Tract 209.02, Autauga County, Alabama",2586,411,,0.605943768487,0.605943871618,0.0180418085253,152.1171369730354,4.483695477355023,0.7211940146833058,0.2308481116624466,6.767980637918382,0.22064219514684372,45.439656303611436,0.0,7.88479950234007,11.143402846964712,20.459946637636502,7.841545856154896,0.01117790856470794,0.971425010426204,0.005333,0.0,0.0,0.0,0.0,0.0,0.0,0.101331,-0.0,0.155839,0.190255,87.936,43,56,0,12,79,92,180,110,462,164,79825,31612,33671,5743,215,129,50.759807478780374,1107.3700098627214,"Census Tract 209.02, Autauga County, Alabama",2586,411,
01,001,020804,1400000US01001020804,01001020804,208.04,Census Tract 208.04,AL,Autauga County,Alabama,CT,26378238.0,5263.0,1400000US01001020804,"Census Tract 208.04, Autauga County, Alabama",4560,576,,0.232916792898,0.232916792898,0.00253250184815,141.8372753999719,5.7542351705880606,0.6766738356663052,0.07448129100904416,28.81007270792694,0.01064018442986345,52.87107643199149,0.0,3.582195424720695,1.181060471714843,12.587338180528462,0.8831353076786664,0.0,6.935615877779293,0.07582,0.0,0.0,0.0,0.0,0.0,0.0,0.15164,-0.0,0.289254,0.101096,105.7762,64,82,78,91,0,17,256,165,1064,316,81934,6808,35200,5659,340,311,47.858703364171234,1144.364713095043,"Census Tract 208.04, Autauga County, Alabama",4560,576,
01,101,005502,1400000US01101005502,01101005502,55.02,Census Tract 55.02,AL,Montgomery County,Alabama,CT,16232846.0,325060.0,1400000US01101005502,"Census Tract 55.02, Montgomery County, Alabama",3323,378,,0.190316301159,0.190316301159,0.00158384744172,72.18515325055915,2.128721221326287,0.6585474531673372,3.3995482712688943,21.740893032953032,0.40539757919731284,19.45329240748248,0.0,0.12161927375919383,0.16795042566745816,44.95859153298199,9.717959112758441,0.03474836393119824,7.101621151126102,0.061603,0.0,0.0,0.0,0.0,0.123207,0.0,0.492828,0.636514,0.332531,0.076136,83.7942,61,61,0,12,35,27,72,41,660,134,101200,18483,33348,4944,244,173,25.783558015059413,357.4750940746578,"Census Tract 55.02, Montgomery County, Alabama",3323,378,
01,101,005903,1400000US01101005903,01101005903,59.03,Census Tract 59.03,AL,Montgomery County,Alabama,CT,167584424.0,2831627.0,1400000US01101005903,"Census Tract 59.03, Montgomery County, Alabama",2243,370,,0.616491460336,0.616491460336,0.0162716448608,82.15463854884254,2.3004285092992798,0.7380145877002231,1.7673087623539387,5.248403592909568,0.0,24.313611192072283,0.0,1.6952385999311093,2.5261651784531414,50.003444529821685,14.16973583105906,0.27609231339922097,0.7714112018608094,0.029836,0.0,0.0,0.0,0.0,0.005967,0.0,0.161113,0.450561,0.074454,0.26527,71.4832,25,41,0,12,16,29,122,84,570,174,84375,23838,33132,5689,173,115,35.111069156095276,373.9386363358686,"Census Tract 59.03, Montgomery County, Alabama",2243,370,
01,101,005414,1400000US01101005414,01101005414,54.14,Census Tract 54.14,AL,Montgomery County,Alabama,CT,23052530.0,1083984.0,1400000US01101005414,"Census Tract 54.14, Montgomery County, Alabama",5012,1403,,0.325570368937,0.325570368937,0.00231535761991,51.70102949409275,0.7024376056683296,0.6132969054579566,6.719561572123839,27.667580058075337,5.263588401292381,8.191893992065765,0.0,0.05316755960901395,0.45805897509304316,15.414502474336429,35.02924215778496,1.2024048096192386,8.12241931877469,0.086758,0.043379,0.0,0.0,0.0,0.0,0.0,0.390413,0.636514,0.303472,0.063847,69.6108,0,17,18,28,52,58,328,178,1040,396,75613,17192,28631,3601,178,158,35.585881137715226,266.585750685074,"Census Tract 54.14, Montgomery County, Alabama",5012,1403,
01,101,005413,1400000US01101005413,01101005413,54.13,Census Tract 54.13,AL,Montgomery County,Alabama,CT,13028795.0,183257.0,1400000US01101005413,"Census Tract 54.13, Montgomery County, Alabama",3575,499,,0.171312044551,0.171312044551,0.00126669496761,57.96140686987071,0.6671071688342767,0.6849342546973557,1.0831091604134222,41.80942942092595,0.2831657935721365,12.721223276228233,0.0,2.1520600311482374,0.44598612487611494,7.843692481948181,32.833073764689225,0.8282599461984992,12.522574055158325,0.0,0.0,0.0,0.0,0.0,0.0,0.0,0.0,0.0,0.146294,0.26042,81.6565,0,12,0,12,19,29,98,68,1094,234,108051,15594,56407,11978,4,6,43.33661691930224,552.9869060371166,"Census Tract 54.13, Montgomery County, Alabama",3575,499,
01,101,002902,1400000US01101002902,01101002902,29.02,Census Tract 29.02,AL,Montgomery County,Alabama,CT,3583817.0,11762.0,1400000US01101002902,"Census Tract 29.02, Montgomery County, Alabama",4005,758,,0.10777500741,0.10777500741,0.000345421892317,64.18076636393381,0.8939524159015615,0.6234624520195782,0.0,78.88694784127776,0.0,8.085849762914899,0.0,0.02495632642874969,0.0,1.422510606438732,11.579735462939855,0.0,30.474918891939108,0.0,0.0,0.0,0.0,0.0,0.0,0.0,0.558064,0.0,0.312609,0.139576,88.9151,199,149,0,12,57,77,351,163,382,171,44233,6734,18632,3635,1207,681,36.57250315622583,1585.3428105377302,"Census Tract 29.02, Montgomery County, Alabama",4005,758,
01,101,005904,1400000US01101005904,01101005904,59.04,Census Tract 59.04,AL,Montgomery County,Alabama,CT,217850818.0,3464268.0,1400000US01101005904,"Census Tract 59.04, Montgomery County, Alabama",2751,796,,1.03251957046,1.03251957046,0.0211732831751,65.43811953604012,1.19427920104385,0.7033310565028166,1.3312354799454231,10.951860001065317,0.09464924464985926,4.089584895455607,0.0,0.13316452169352494,0.126198992866479,59.41063431383395,23.586919556336788,0.27575299415305315,4.020146594643845,0.009181,0.0,0.0,0.0,0.00459,0.036722,0.0,0.179022,0.759547,0.114504,0.180662,120.6095,79,68,28,37,103,95,182,251,467,167,59135,43140,30832,7035,556,282,24.16970017687716,519.895587425699,"Census Tract 59.04, Montgomery County, Alabama",2751,796,
01,051,030600,1400000US01051030600,01051030600,306,Census Tract 306,AL,Elmore County,Alabama,CT,130889056.0,3742881.0,1400000US01051030600,"Census Tract 306, Elmore County, Alabama",6539,705,,0.613401832576,0.613401832576,0.0129337931309,99.7485107841207,3.994097491852214,0.7075866237033033,2.488483576142115,11.183467162313047,0.11834003035388349,50.61409784113018,0.0,4.667411027686218,4.149255527549158,23.03351630351209,3.709993380981353,0.03543515033195382,2.4797724188189045,0.02292,0.0,0.0,0.0,0.0,0.0,0.0,0.145161,-0.0,0.213335,0.131519,71.898,35,56,76,68,23,27,342,158,1099,291,80368,13196,27210,4935,683,430,54.87626228195722,494.36034743960016,"Census Tract 306, Elmore County, Alabama",6539,705,
01,101,005609,1400000US01101005609,01101005609,56.09,Census Tract 56.09,AL,Montgomery County,Alabama,CT,7746923.0,27136.0,1400000US01101005609,"Census Tract 56.09, Montgomery County, Alabama",4377,577,,0.135004946064,0.135004946064,0.00074731126666,70.61300836485806,1.3882399236031495,0.651078048871919,0.41512915129151295,45.502767527675275,0.0,7.137915129151291,0.0,0.0,0.011531365313653136,34.32887453874539,12.39621771217712,0.20756457564575648,18.00495848708487,0.0,0.0,0.0,0.0,0.0,0.387251,0.0,0.645418,-0.0,0.204249,0.082705,96.7191,34,56,9,14,11,22,54,52,1002,263,97689,33279,38944,5220,288,201,22.070925078250795,485.30327946299553,"Census Tract 56.09, Montgomery County, Alabama",4377,577,
01,101,005504,1400000US01101005504,01101005504,55.04,Census Tract 55.04,AL,Montgomery County,Alabama,CT,32302848.0,458854.0,1400000US01101005504,"Census Tract 55.04, Montgomery County, Alabama",1667,330,,0.288584800483,0.288584800551,0.00313027055746,67.86575136154383,1.9249571655240063,0.7062175612318545,4.487251488262384,8.275300460518926,2.7743457261597215,19.7180725598113,0.0,0.06458497135796923,0.1712905762102662,35.41783668426373,28.53813321352353,0.5531843198921711,2.3601035555922776,0.0,0.0,0.0,0.0,0.0,0.0,0.0,0.185742,0.0,0.30054,0.126575,87.7252,5,8,0,12,6,15,8,23,467,128,124363,4695,54282,12411,39,32,40.29124757792232,328.60867105245626,"Census Tract 55.04, Montgomery County, Alabama",1667,330,
01,051,030402,1400000US01051030402,01051030402,304.02,Census Tract 304.02,AL,Elmore County,Alabama,CT,78074370.0,3774263.0,1400000US01051030402,"Census Tract 304.02, Elmore County, Alabama",4531,536,,0.415684679698,0.415684679797,0.00786036764288,131.91255861298757,5.458813523062268,0.718435159489751,4.385646175359781,11.150750393640099,0.5626575936753322,52.50222970964226,0.0,1.9456281174644072,1.272861405653002,24.919895616556005,3.23500589083782,0.025325097171296752,2.330548165087183,0.025617,0.012808,0.0,0.0,0.0,0.0,0.0,0.1537,0.636514,0.178989,0.192231,91.1008,84,122,26,39,81,96,127,92,918,306,69600,35041,33263,8205,337,222,52.80351184071272,519.5625074819292,"Census Tract 304.02, Elmore County, Alabama",4531,536,
01,101,005501,1400000US01101005501,01101005501,55.01,Census Tract 55.01,AL,Montgomery County,Alabama,CT,50754979.0,1624681.0,1400000US01101005501,"Census Tract 55.01, Montgomery County, Alabama",2044,483,,0.379184056247,0.379184056248,0.00501473050422,54.94010026705234,0.7639682503639089,0.68859053406612,6.149450033272008,15.418640153442675,3.36830156182722,12.136454378204878,0.0,0.8220143265354054,1.015774846361608,14.892159549066427,45.361490585978785,0.8357145653109955,4.326396532746285,0.0,0.0,0.0,0.0,0.0,0.0,0.0,0.137918,0.0,0.315068,0.125245,112.474,0,12,26,27,25,31,27,18,320,111,72000,31689,24093,5395,161,108,46.165276951248835,307.77709659509935,"Census Tract 55.01, Montgomery County, Alabama",2044,483,
01,101,005605,1400000US01101005605,01101005605,56.05,Census Tract 56.05,AL,Montgomery County,Alabama,CT,5450496.0,47509.0,1400000US01101005605,"Census Tract 56.05, Montgomery County, Alabama",3701,556,,0.0913596674511,0.0913596674511,0.000522756536379,73.11281870543728,1.23383072975834,0.5992931140093383,0.6596306068601583,68.75,0.0,1.9294195250659631,0.0,0.0,0.016490765171503958,23.58179419525066,4.996701846965699,0.06596306068601583,26.48334432717678,0.550409,0.0,0.0,0.0,0.0,0.0,0.0,0.733878,-0.0,0.197514,0.166171,90.8716,0,12,0,12,97,80,153,86,789,197,76215,8092,31575,4165,171,125,16.986724727926774,513.0905005591468,"Census Tract 56.05, Montgomery County, Alabama",3701,556,
01,001,020100,1400000US01001020100,01001020100,201,Census Tract 201,AL,Autauga County,Alabama,CT,9825304.0,28435.0,1400000US01001020100,"Census Tract 201, Autauga County, Alabama",1941,390,,0.150008648419,0.150008648419,0.000948045996977,90.57604801094787,5.070172858411069,0.7078919183104994,0.22756235208447115,33.93409794283634,0.06371745858365192,38.58547241944293,0.0,0.5643546331694884,0.3367922810850173,11.004915346805024,15.155652648825779,0.12743491716730385,6.757964682322957,0.0,0.0,0.0,0.0,0.0,0.0,0.0,0.916002,0.0,0.213807,0.151984,101.5576,11,17,26,32,43,33,38,25,437,124,70699,10441,30447,5544,265,129,55.65514671032637,1104.3800586885354,"Census Tract 201, Autauga County, Alabama",1941,390,
01,101,001200,1400000US01101001200,01101001200,12,Census Tract 12,AL,Montgomery County,Alabama,CT,1246770.0,0.0,1400000US01101001200,"Census Tract 12, Montgomery County, Alabama",1534,327,,0.0500911293815,0.0500911293815,0.000119899858391,68.27507033624799,1.7596685962557712,0.5476273652779156,0.0,100.0,0.0,0.0,0.0,0.0,0.0,0.0,0.0,0.0,48.21392677674085,1.604145,0.802073,0.0,0.0,0.802073,0.802073,0.0,8.822798,1.332179,0.328553,0.129726,76.3218,152,93,43,38,37,33,69,48,39,52,,,10351,2589,902,301,23.225655417506953,1709.4576311749058,"Census Tract 12, Montgomery County, Alabama",1534,327,
01,101,005403,1400000US01101005403,01101005403,54.03,Census Tract 54.03,AL,Montgomery County,Alabama,CT,3690069.0,13893.0,1400000US01101005403,"Census Tract 54.03, Montgomery County, Alabama",4124,592,,0.0809379208579,0.0809379208579,0.000356289424131,79.76992070171211,2.1004710868335668,0.5027989062261705,0.14499758337361043,98.11503141614307,0.0,1.6433059449009184,0.0,0.0,0.0,0.02416626389560174,0.07249879168680522,0.0,45.44731754470759,0.0,1.354988,0.0,0.0,0.0,0.0,0.0,4.60696,-0.0,0.301406,0.101358,76.6924,214,162,0,12,105,82,199,125,444,142,45818,23051,36693,5870,837,431,23.818190273894345,651.9778598010201,"Census Tract 54.03, Montgomery County, Alabama",4124,592,
01,101,002000,1400000US01101002000,01101002000,20,Census Tract 20,AL,Montgomery County,Alabama,CT,5844868.0,19635.0,1400000US01101002000,"Census Tract 20, Montgomery County, Alabama",4483,527,,0.0965311674686,0.0965311674686,0.000561383592021,72.13160583761652,1.2980714072637014,0.6237702014870847,0.030717247734602982,96.20641990477652,0.0,0.1535862386730149,0.0,0.0,0.0,0.0,3.5785593610812474,0.030717247734602982,32.347872830594376,0.342181,0.0,0.0,0.0,0.17109,0.0,0.0,1.368722,0.636514,0.231095,0.186928,90.3609,48,62,22,29,90,66,121,70,791,155,112647,12976,50416,9504,812,374,31.70833047238736,874.4357747063599,"Census Tract 20, Montgomery County, Alabama",4483,527,
01,051,030801,1400000US01051030801,01051030801,308.01,Census Tract 308.01,AL,Elmore County,Alabama,CT,6452531.0,500099.0,1400000US01051030801,"Census Tract 308.01, Elmore County, Alabama",2924,811,,0.157428143842,0.157428143842,0.000668145216646,54.132752582870985,2.7818122841668,0.5615076755252403,6.150459665932927,73.15809918425482,0.012948336138806162,12.987181147222582,0.0,0.5567784539686651,0.6474168069403082,4.570762656998576,1.7221287064612196,0.19422504208209246,26.096302998965875,0.77489,0.309956,0.0,0.0,0.309956,1.859735,0.0,6.509074,1.109348,0.167579,0.250684,69.704,130,171,0,12,23,42,229,163,635,347,57295,15961,28528,5427,479,483,31.607773652686717,416.7187963567626,"Census Tract 308.01, Elmore County, Alabama",2924,811,
01,051,031200,1400000US01051031200,01051031200,312,Census Tract 312,AL,Elmore County,Alabama,CT,49520822.0,5869601.0,1400000US01051031200,"Census Tract 312, Elmore County, Alabama",1563,285,,0.463241658664,0.463241658664,0.00530991648232,50.16664055466928,1.5374669468908697,0.6596038917263478,8.531818941038917,10.574578252881242,1.0623016535827625,23.512610656422247,0.0,1.003841656923334,3.148488391514949,28.070820110238852,23.733088358109235,0.3624519792884583,2.438216498365774,0.040387,0.0,0.0,0.0,0.040387,0.0,0.0,0.262516,0.693147,0.234805,0.178503,95.8647,25,29,44,34,76,49,97,40,162,46,44167,7640,22744,5010,438,235,44.04501141658368,480.0435200187317,"Census Tract 312, Elmore County, Alabama",1563,285,
01,101,002901,1400000US01101002901,01101002901,29.01,Census Tract 29.01,AL,Montgomery County,Alabama,CT,1402875.0,0.0,1400000US01101002901,"Census Tract 29.01, Montgomery County, Alabama",3659,1101,,0.0563336928082,0.0563336928082,0.000132987326777,68.94471166907427,1.1485008048873133,0.5446556250006129,0.0,99.2843201040989,0.0,0.0,0.0,0.0,0.0,0.0,0.715679895901106,0.0,43.21860767729343,0.712822,0.0,0.0,0.0,0.0,0.0,0.0,2.138466,-0.0,0.290243,0.130363,72.9206,57,75,56,70,138,124,370,228,231,184,35237,11624,12554,2310,1020,438,17.144199949671975,1198.42418864208,"Census Tract 29.01, Montgomery County, Alabama",3659,1101,
01,101,005102,1400000US01101005102,01101005102,51.02,Census Tract 51.02,AL,Montgomery County,Alabama,CT,7191968.0,13255.0,1400000US01101005102,"Census Tract 51.02, Montgomery County, Alabama",4898,1039,,0.133893613418,0.133893613418,0.000692883014564,55.23632868093896,1.3241773363725615,0.6562549251525308,1.5966072096794313,59.34888362230261,1.79618311088936,5.687913184482973,0.0,0.024946987651241113,0.0873144567793439,5.837595110390421,25.42098041661469,0.1995759012099289,20.962381664175386,0.139044,0.0,0.0,0.0,0.139044,0.0,0.0,0.69522,0.693147,0.219477,0.126378,107.1036,20,22,58,62,132,76,233,106,644,297,51419,5180,24924,9737,1014,465,39.93801241344074,490.7177221946562,"Census Tract 51.02, Montgomery County, Alabama",4898,1039,
01,051,031100,1400000US01051031100,01051031100,311,Census Tract 311,AL,Elmore County,Alabama,CT,10553153.0,171497.0,1400000US01051031100,"Census Tract 311, Elmore County, Alabama",4176,498,,0.146494769434,0.146494769434,0.00102704247576,73.07023908608657,2.088946272225373,0.6671604169379445,0.4374158815612382,58.84925975773889,0.008411843876177659,18.06864064602961,0.0,0.04205921938088829,0.7234185733512786,13.744952893674292,8.100605652759086,0.025235531628532974,13.456388258053662,0.284275,0.0,0.0,0.0,0.0,0.0,0.0,0.473792,-0.0,0.256226,0.141762,92.0883,5,8,25,36,34,37,146,71,853,173,88162,12290,30285,3388,315,183,37.15831404163839,462.08244540403183,"Census Tract 311, Elmore County, Alabama",4176,498,
01,101,005409,1400000US01101005409,01101005409,54.09,Census Tract 54.09,AL,Montgomery County,Alabama,CT,2372259.0,55032.0,1400000US01101005409,"Census Tract 54.09, Montgomery County, Alabama",2524,272,,0.0690914655245,0.0690914655245,0.000231953231909,82.93617264336729,1.7891897745914938,0.5346273548946181,1.0788690476190477,97.47023809523809,0.0,1.4508928571428572,0.0,0.0,0.0,0.0,0.0,0.0,41.35081845238095,0.0,0.0,0.0,0.0,0.0,0.421539,0.0,2.529235,-0.0,0.224247,0.12401,69.5097,9,16,53,54,34,42,164,66,341,116,63902,16076,28418,3849,276,155,21.914345365318834,320.8808611383074,"Census Tract 54.09, Montgomery County, Alabama",2524,272,
01,101,005610,1400000US01101005610,01101005610,56.10,Census Tract 56.10,AL,Montgomery County,Alabama,CT,28689730.0,324351.0,1400000US01101005610,"Census Tract 56.10, Montgomery County, Alabama",1688,429,,0.460606348406,0.460606348406,0.00277579092842,59.58820142136441,0.7369245892400945,0.7591200595712628,0.8070273458112176,9.758822981655648,0.07759878325107862,14.197473383617346,0.0,0.8287550051215197,0.6394139739888879,17.770121364497005,55.34966011732936,0.5711270447279386,2.695409255982866,0.069711,0.0,0.0,0.0,0.0,0.0,0.0,0.209134,-0.0,0.220379,0.138626,109.1698,18,19,0,12,25,29,46,37,315,124,74872,9009,28443,5504,187,129,62.47774141248937,664.131503314085,"Census Tract 56.10, Montgomery County, Alabama",1688,429,
01,001,020801,1400000US01001020801,01001020801,208.01,Census Tract 208.01,AL,Autauga County,Alabama,CT,124272664.0,8117631.0,1400000US01001020801,"Census Tract 208.01, Autauga County, Alabama",3073,337,,0.587367147851,0.587367147851,0.0126911788652,66.84450640824504,3.1016288048266873,0.6953532331768159,4.864632127506366,9.629789097819712,0.24571848530514376,34.40875381383299,0.0,1.8633033175707276,1.437193315863318,23.658755669712782,22.804308610539913,1.0875455618490502,1.9102279988579665,0.016094,0.0,0.0,0.0,0.0,0.0,0.0,0.112656,-0.0,0.227465,0.182558,101.1126,41,49,23,32,8,19,185,79,667,156,88804,18456,33893,4616,203,150,47.00163859073942,621.7156499844691,"Census Tract 208.01, Autauga County, Alabama",3073,337,
01,101,002700,1400000US01101002700,01101002700,27,Census Tract 27,AL,Montgomery County,Alabama,CT,7270672.0,8760.0,1400000US01101002700,"Census Tract 27, Montgomery County, Alabama",5075,971,,0.111556941421,0.111556941421,0.000697933453121,85.99341394312381,2.495271518451451,0.6283679538390817,0.0,76.13397602274131,0.0,21.159312816709924,0.0,0.04943764676801385,0.0,1.1123470522803114,1.5449264615004326,0.0,28.945124212087503,0.137539,0.137539,0.0,0.0,0.0,0.0,0.0,1.375389,0.693147,0.233892,0.187389,99.0977,0,17,0,17,63,66,257,284,996,200,89183,26984,34777,5366,234,190,42.172440679313084,1793.9679684203247,"Census Tract 27, Montgomery County, Alabama",5075,971,
01,001,020901,1400000US01001020901,01001020901,209.01,Census Tract 209.01,AL,Autauga County,Alabama,CT,105252240.0,271716.0,1400000US01001020901,"Census Tract 209.01, Autauga County, Alabama",3661,557,,0.430630077764,0.430634710873,0.0101450289296,146.8443408778745,4.9228384647227665,0.739232587289596,0.5626687570769097,9.363295880149813,0.7020294399442557,52.25590105391517,0.0,4.77136137967076,3.5928926051737657,20.701158435676334,7.3068548035885375,0.7438376448044596,1.7570308505198569,0.009501,0.0,0.0,0.0,0.0,0.0,0.0,0.123513,-0.0,0.260858,0.092598,109.9197,48,40,0,12,104,85,276,157,568,177,57667,17077,25969,5943,341,187,53.246405504715256,778.0364828116772,"Census Tract 209.01, Autauga County, Alabama",3661,557,
01,001,020805,1400000US01001020805,01001020805,208.05,Census Tract 208.05,AL,Autauga County,Alabama,CT,35437301.0,50638.0,1400000US01001020805,"Census Tract 208.05, Autauga County, Alabama",2305,463,,0.265959133146,0.265959133146,0.00340646454901,147.98025387009847,5.744540518672538,0.7443387465201486,0.05724396336386345,16.91559117402165,0.0,59.31775603663614,0.0,0.5672356369691923,0.236781848459617,19.449937552039966,3.445045795170691,0.010407993338884263,3.2720929642503744,0.0,0.0,0.0,0.0,0.0,0.0,0.0,0.25397,0.0,0.230803,0.088069,79.7972,0,12,0,12,75,86,131,97,430,184,102734,35720,31324,6155,60,87,54.80503615157797,1350.3131345218915,"Census Tract 208.05, Autauga County, Alabama",2305,463,
01,051,030802,1400000US01051030802,01051030802,308.02,Census Tract 308.02,AL,Elmore County,Alabama,CT,47474657.0,3911185.0,1400000US01051030802,"Census Tract 308.02, Elmore County, Alabama",4456,904,,0.417267897098,0.417267897098,0.00492892621233,59.02377851553791,1.9194863402560256,0.6537131540589107,7.225188175592824,15.259672885736384,0.3112678979041295,31.85874096851478,0.0,0.848912448829444,3.501292233394329,28.86113678809259,11.447112754437926,0.6866758474975947,3.6998877822976572,0.042128,0.0,0.0,0.0,0.0,0.0,0.0,0.210639,-0.0,0.321589,0.14632,64.6103,17,29,29,58,108,119,619,270,624,285,47265,16018,24664,5023,811,550,39.418041011380915,479.74581562036263,"Census Tract 308.02, Elmore County, Alabama",4456,904,
01,101,005101,1400000US01101005101,01101005101,51.01,Census Tract 51.01,AL,Montgomery County,Alabama,CT,72020835.0,5185351.0,1400000US01101005101,"Census Tract 51.01, Montgomery County, Alabama",3417,399,,0.57605066562,0.57605066562,0.00740434690741,47.70287838509059,0.7602162832949451,0.6415098500368215,7.077557137504684,15.526414387411016,4.066441863369551,12.623954040214812,0.0,0.21855876108405145,0.6107156238291495,29.4941925814912,29.47670788060447,0.9054577244910704,4.713741214318184,0.013885,0.0,0.0,0.0,0.0,0.0,0.0,0.152734,-0.0,0.190225,0.114721,116.4028,14,22,0,12,34,42,203,126,556,150,64890,11397,24812,2621,249,112,37.55781326050455,391.2516491644364,"Census Tract 51.01, Montgomery County, Alabama",3417,399,
01,101,001800,1400000US01101001800,01101001800,18,Census Tract 18,AL,Montgomery County,Alabama,CT,4555652.0,0.0,1400000US01101001800,"Census Tract 18, Montgomery County, Alabama",3338,556,,0.0938413012584,0.0938413012584,0.000437854256721,76.92029641954267,1.647234224601347,0.562025501896104,0.0,96.82696097753252,0.0,3.173039022467481,0.0,0.0,0.0,0.0,0.0,0.0,39.63007489160426,0.439015,0.219508,0.219508,0.0,0.439015,0.0,0.0,2.853598,1.329661,0.210306,0.184841,125.693,17,20,0,12,15,28,269,110,622,227,68911,17441,28375,4801,320,209,26.34200071698102,1819.9378023524575,"Census Tract 18, Montgomery County, Alabama",3338,556,
01,101,005608,1400000US01101005608,01101005608,56.08,Census Tract 56.08,AL,Montgomery County,Alabama,CT,28935286.0,209102.0,1400000US01101005608,"Census Tract 56.08, Montgomery County, Alabama",1761,252,,0.28645731741,0.28645731741,0.00279275877367,74.75987222118496,0.8618758245487873,0.7213938398290602,0.9358495228094017,12.258702165117214,0.015443061432498378,20.977854649905797,0.0,0.08030391944899157,0.694937764462427,54.87228588195324,9.98857213453995,0.1760509003304815,2.825175904209357,0.0,0.0,0.0,0.0,0.0,0.0,0.0,0.10368,0.0,0.303805,0.149915,117.4074,0,12,0,12,0,17,15,22,507,109,136250,24500,59855,19481,17,19,28.658591770939832,522.2205360546573,"Census Tract 56.08, Montgomery County, Alabama",1761,252,
01,001,020300,1400000US01001020300,01001020300,203,Census Tract 203,AL,Autauga County,Alabama,CT,5349271.0,9054.0,1400000US01001020300,"Census Tract 203, Autauga County, Alabama",3694,570,,0.100175600354,0.100175600354,0.000515916495886,107.95216113703536,3.826189663251278,0.6284922850141217,0.017073587160662457,76.84821581014171,0.32439815605258665,16.732115417449204,0.0,0.0,0.0,5.753798873143247,0.32439815605258665,0.0,19.74728215420639,0.0,0.186941,0.0,0.0,0.0,0.186941,0.0,1.869414,0.693147,0.251489,0.125609,99.1375,38,33,51,53,69,56,96,51,721,218,70111,7212,25291,3427,533,226,35.31771493079028,1485.0080222086783,"Census Tract 203, Autauga County, Alabama",3694,570,
01,101,000300,1400000US01101000300,01101000300,3,Census Tract 3,AL,Montgomery County,Alabama,CT,23516863.0,3969180.0,1400000US01101000300,"Census Tract 3, Montgomery County, Alabama",1350,342,,0.267514010921,0.267514010921,0.00263594314474,45.07425993624257,1.1976459255531402,0.5020026956855572,15.696967463797487,36.89524300821695,6.518294705037031,11.9237996978518,0.0,2.660378053723424,0.9727698146578725,7.72688750506651,17.11559011017355,0.4900696414753675,16.98740142020354,0.085045,0.0,0.0,0.0,0.0,0.0,0.0,0.552795,-0.0,0.196296,0.108148,98.2379,23,22,35,32,120,78,61,38,57,45,20833,4986,18106,7991,489,241,29.980156537989597,232.3432767034725,"Census Tract 3, Montgomery County, Alabama",1350,342,
