component,A00,A01,A02,A03,A04,A05,A06,A07,A08,A09,A10,A11,A12,A13,A14,A15,A16,A17,A18,A19,A20,A21,A22,A23,A24,A25,A26,A27,A28,A29,A30,A31,A32,A33,A34,A35,A36,A37,A38,A39,A40,A41,A42,A43,A44,A45,A46,A47,A48,A49,A50,A51,A52,A53,A54,A55,A56,A57,A58,A59,A60,A61,A62,A63
PC01,0.19238964752675958,-0.20067557211534237,0.13329129788749952,-0.14749947792050905,0.07728754475697125,-0.01700414761090005,-0.12667251597133536,-0.197226254636332,-0.17769801858237289,0.00842783485359472,0.07563534380945686,0.07697637089748335,0.0861589061627856,-0.1745185097480701,-0.09227886726380038,-0.16622106132298733,0.1845631696887638,0.1761318663091686,0.1328976108390351,0.08514582925161542,0.032578642997267065,-0.0017289195539693508,-0.07982847147887276,-0.08418679758156818,-0.08815681998478457,0.13969082700003346,0.17950329609193502,0.16646326348934715,-0.0047695551740331325,-0.11277606035414094,0.11639957725893481,-0.09842584682073702,-0.01784406076605923,-0.10443075694416214,0.15570837335538731,-0.10500521366500795,-0.07219848467277833,0.16457616209196302,0.03988344890369515,0.10498851535177846,-0.10285840371738779,-0.17610054108474446,-0.11880568615080146,-0.003052793243468395,0.1739742101729831,0.0947622094359618,-0.1112703312741408,0.17362532976952136,0.05345962215191003,0.10457479967354674,0.13040556876023374,0.051469586166967604,-0.16827629843833677,-0.1436784346372202,0.13171484130615693,-0.19549087317835304,0.11520838920791815,-0.09272978725735749,0.06268400757798398,0.031977145313773936,0.15585939837153884,0.15047579652474571,-0.18910855891181166,0.023675014557024095
PC02,-0.009655619853820957,0.0023335101510496455,0.11530465428733698,-0.1425758482395806,0.06512866002276903,-0.02556276407487751,-0.08063782745603054,0.03409146689313036,0.06337903154134208,-0.18331957462662754,0.12618798434093642,-0.16118257447928816,0.14291027334086584,-0.05483905518879769,-0.21238912503518204,0.0806607353911122,-0.14322736800053712,0.04440117516790401,-0.02560647428588665,0.11051743073389986,-0.03185604815603007,-0.16972771155948949,0.010974199337213773,-0.07196347663287535,0.01120895261630958,-0.0008696637917772268,0.11831080386357296,-0.05980702827879506,0.2690542641669696,-0.10756371971238064,-0.11508358571835164,0.07303928586509294,-0.06743199042656116,0.13886991731544213,0.10339478551675202,0.25108686660924046,0.2647878746064982,-0.024188049370260374,-0.07574152779569772,0.0012707290512273157,0.018819811220193546,-0.011523701325168723,-0.06984889821271216,0.1280758863517827,0.08689547862807125,-0.10218536668115938,0.25899761008459926,-0.10271723099709659,0.01515551220524339,-0.2215626611064545,0.15333836985252064,-0.06994333561685293,0.005658101889121943,-0.1558296622967414,-0.013250180343633226,0.09300944879157641,0.25670321362641507,-0.08669546443499934,-0.25619475170879896,0.2229641567418751,-0.0682479377850537,0.09805228335653152,-0.029574611986112134,0.047541442659622526
PC03,0.09896569165066817,0.07088843196872109,0.09674693861330907,-0.17974360595066352,0.0817779685793886,0.14401249868901914,0.10550979631056509,0.04306492882395753,-0.10025402895437924,0.15575740474561398,-0.1126569457706567,-0.07985455718389627,0.20531123818041483,0.023529967761869268,-0.09471432878685632,-0.17468916249672067,0.036896799298252674,-0.18170748302412362,-0.08998268328508893,-0.04236340418982728,-0.10361125866028377,-0.21475195935131386,0.11591480628243228,-0.10036960160656898,0.0488410761026061,-0.0730146911011209,0.007191027311892028,0.05862668807614733,0.07158711945284212,-0.04017599677444425,-0.040965844787584485,-0.11106294347388035,0.29261180365623135,-0.2120955508616279,-0.14741258131268967,0.04233542651377039,0.0804195837292197,0.041523805213558806,0.01933397405840222,0.08738085755988935,0.12739301031811842,-0.032173918893558015,-0.15172654270381833,-0.2720503772251985,-0.13351226876535494,-0.04736714551930678,0.03253078364395781,0.019397935533559518,-0.2347035821058543,0.14679732582506624,0.1139463199528264,0.15531324388383047,0.05463471869204048,-0.09990117037411421,-0.1625398343053022,0.09275855708019619,-0.12597552759427663,-0.16753657443226624,0.08571155204717518,0.026365215595407103,-0.13896357084712785,-0.07569398558937925,-0.0006047971312619604,0.2570085457826801
PC04,-0.007963462742904086,0.08246993547809803,-0.10520817845454132,-0.12157200449302061,-0.2126989139725428,-0.3429257571480981,0.017210850798281635,0.14601697052866483,-0.09121088193923232,0.17264468201891997,0.2705156521982728,0.27945374971483006,0.20020073805361033,-0.040480430792668706,0.04666317719563366,0.02876095014618826,0.06450131721332411,0.02528103145737596,-0.17763214800157837,-0.18325115972227174,0.1855647919155028,0.025720178375845275,-0.15499225317368945,0.1341312320337187,0.11818450829893978,-0.26202441542214217,-0.11873274572415976,0.06696397294380492,0.012679820623971577,-0.1179414803871584,0.04734013071227005,0.17900605004637668,0.16883824359575908,-0.04174212532679931,0.074149632446816,0.062007544232951475,0.007909601078592189,0.09002935569528842,0.0726877004639373,-0.1509379900602222,0.08845755385778539,-0.04154212931674402,-0.04316569959512732,0.04966235679001155,0.02327905104661293,0.10438596472001925,0.07358155793940982,0.029844438661156828,0.22981514007972642,0.07092733539052934,-0.002184112879433847,0.15316162203177944,0.09999719010685378,-0.1332799518304129,-0.11699976169373325,0.025142765716423484,0.10599609934108561,-0.08356097979021673,-0.011827164321012315,-0.004420236744783146,-0.009892212663140606,0.031114130555760892,-0.002156731697097047,-0.04259393352345102
PC05,0.0033619808407738144,0.01837353249114947,0.2599331649769804,0.028549785916590534,-0.17524747392203502,0.11798000164910545,-0.06308366605416427,-0.014403599881644108,0.11207939329118806,-0.13692587367985207,-0.05225500571107302,0.07738545204711206,-0.05442187296953252,-0.06436070458718515,0.13761164689349623,0.17669631504738792,-0.05199430480001929,0.030333683966074585,0.15519724502720764,-0.2646378851610591,-0.09483745474104942,0.24122735539113346,0.20195798431832773,0.12900355026769666,-0.014299831327172167,-0.07333742321513355,-0.11371648018718478,-0.04458902453617421,0.11696465415923667,0.15714787886601891,0.20887817403260456,-0.0825706772018032,0.09748970387402153,-0.10671813945856613,-0.0864329559054924,0.07033582241970807,-0.028933123101722854,0.09397005148899501,-0.27007156589946757,-0.038234375520441996,-0.03837020088173268,-0.1419848633338528,-0.18840752415765105,-0.015945281252155837,0.10047052437332545,-0.0292258523588229,0.022874795779222985,-0.003376514713540557,0.03588062082012873,0.043514519360646,0.08526165129590357,-0.06338874497908456,-0.14554900797008116,-0.014930011770808826,-0.21875984680810356,-0.10346675323630962,-0.0661650813330358,-0.232227187230108,0.004466247381913918,0.18268638791411967,-0.08120249791788652,0.18089560471720825,0.1402312001365045,-0.14869787855329125
PC06,-0.07749265348565154,-0.13705303080540085,-0.1307009761663915,-0.018313016529524936,0.007909898264804371,0.034945564140635654,-0.18714450657588058,-0.02313592781670748,-0.03327443596208385,-0.045498410175350085,-0.0250532678780776,-0.01490953058538401,0.013938519424257279,-0.16740546071538376,0.2066513716851097,0.06066238134507636,0.022865025193869258,0.03142269558127177,-0.02854663337894086,0.023517487663388986,-0.1565193684795722,-0.012738546208812925,0.029264178089276838,0.3171719089642397,-0.18355563471519087,-0.12995738833269577,0.010772709702174588,-0.19485499473175646,-0.005454906664104642,-0.11335604490178398,-0.21179796115311567,0.20493023604265473,0.09957358713307048,0.02405495078826872,-0.027727888372699985,0.06894175490436288,0.14054411608051343,0.050454689890527274,0.00934418191091227,0.30111524472177653,0.039199880978732,-0.1268433762662215,0.1219550893442648,0.08441316453400667,0.004734330736705074,0.2143088913663182,-0.163985508226489,0.2075518391901657,-0.11173996307154857,-0.15908107676216732,0.11171156850487192,0.21048437419253885,-0.07673038985169507,0.03685028817261928,-0.08872908927042239,-0.11825089005226007,-0.06995204801544982,0.22237954041483105,0.05355878810021655,0.11729048192663426,-0.12116208624392008,-0.008055321400091763,0.08639203400993375,0.15314584653464874
PC07,0.08634626710397021,-0.07308406654057714,-0.04588049081493362,0.11919576226423563,0.16425600054637207,-0.014667437201318495,0.10860146383861011,0.07625029455124754,-0.03563058652182982,0.0901616482945368,-0.1077436550194449,-0.039851408605296484,-0.14925233083954123,-0.274536032205721,0.023332476670639854,-0.06501820888435525,0.057361860841245504,0.044001488033475096,-0.08866248618170595,-0.05551269856648649,-0.12188210202748324,-0.07960071714568137,-0.16414219531848287,0.020147270848745173,0.39030925701673125,0.02907951948915029,-0.15126303018982518,0.017295194065284833,-0.1378942451581401,0.1119889290828042,-0.0026653559718887443,-0.005127948617754063,0.028716289687716497,0.031243160505681683,0.2183436340665581,-0.042576725174001843,-0.1644292388855735,-0.2660855189513389,-0.11148895850251868,-0.015761135212722606,0.19693677964847842,-0.20779317146146903,0.009329027845422706,0.024852819727100423,0.0806251164831855,-0.08335612876188109,-0.01565150406081512,-0.05280732681934763,-0.1282062602278485,0.020078704351828736,-0.013490595322115134,0.054476040383951464,0.07126200344844812,0.1265652778823758,-0.1840640771319454,-0.09888626030281332,0.09323177892601588,0.057148458744390396,-0.20752785317678268,0.28154895868684,0.11620826030244286,0.14570780161893038,-0.05296181275133639,0.10427808820286688
PC08,-0.07137059724257296,0.062149207775955485,0.14217979994368188,0.05153066129862431,0.35350218058140115,-0.06546224064683943,-0.0786835943159353,-0.007023516053744405,0.19477763847435756,-0.17938411699120171,-0.05859388702505932,0.006899284071268557,-0.01541013319119917,0.04517350272732239,-0.07980817366509455,0.06056101941350099,0.0185484270419861,0.1673392930417734,-0.0215399515897675,-0.08405589340538142,0.2885273271436883,-0.06908481164891997,0.24616265650277797,0.18176913379451448,0.058871214363883845,-0.10440445315701494,-0.0625274407868398,0.031423753784570074,0.00608009544773902,-0.16697671174717535,-0.1773628382030525,0.056955414489537365,0.06669942126863707,-0.03168176370718028,0.153685025093577,-0.20290761333793877,-0.23044103446318775,-0.07660127257125754,-0.019189594706648577,-0.06838411306984074,-0.05569267421810503,-0.041875590106400684,-0.04746306998006054,-0.28784979970388824,-0.11638231293965466,0.04110314092434361,0.10946700992008021,-0.03311274023942561,-0.049792870254124814,-0.050376897197428244,0.12987116014194547,0.28423195582982325,-0.1272525844794697,0.030044654027343035,0.12536212412642334,0.03836288278478925,0.030862465345695655,0.022794170794038157,-0.03373763435175167,-0.03775175219342043,-0.03764017637153108,-0.06621177538109191,-0.0374086562214268,-0.2159325426623489
PC09,0.17692096893187334,-0.049016781241202706,0.001772311740979804,0.028419937522799255,-0.01986309838957573,0.09735250858906386,0.28770586107468304,0.1652568445355756,0.018626291061376893,0.008632538930711572,0.1674944224508044,0.009041042250699988,0.05665761742214913,0.0766717113267765,0.22406684748276087,0.09656360874218306,0.08547518114393846,-0.1423390996136623,0.11777092695177419,0.09159513346957011,0.19702638093267974,-0.0043111016257112375,0.036610402023368356,0.09005277200544258,0.12234936566365234,-0.0030334769368752187,0.04058920355618771,-0.002969949149153883,0.2512300373652515,-0.26447100598467205,-0.1727594621230385,-0.02065962189178118,-0.20073504502353146,0.138324452411626,0.029193378503306215,0.013598434638552339,0.04872972525683325,0.01739322864511318,-0.3067893339337844,-0.007701512668003341,-0.14363569044521474,-0.1043387907952681,0.07443855478218749,-0.08514903323896943,-0.17271191293489585,0.13411415177411978,-0.17174467957506329,0.10379077278599426,-0.1947824842790407,0.1953442196983563,-0.062035418775211036,-0.12783160925967857,0.019789647948763017,-0.018924345113002325,-0.056428288676516836,-0.05229272329798948,0.06456701751977156,-0.08033292545989694,-0.09952203974630686,-0.09709446634960998,0.18940033000077536,0.05151517506244678,0.07165009281039691,0.06310505132468064
PC10,-0.09406745211467117,-0.006510423068484202,-0.023882581983239504,0.004237504390893987,-0.031126734607412113,-0.007400644822081387,0.1007710091859653,-0.010520789439274342,-0.12675943188959996,-0.18957871632249088,-0.032351896246649844,0.256358758054138,0.07211740307699668,0.07049753394755362,0.1419490414035533,0.04276455042205926,-0.12896657221717756,0.11127438070905002,0.0506910745816377,0.21023938664400135,-0.26610567544365327,-0.018899562482110825,0.16514911606780722,0.11362041897093167,0.06792651272894325,0.10108318172734215,0.07332248573024347,0.0750024958610017,-0.09522276346002409,-0.20802676385255994,-0.1740480737099076,-0.22810197424904483,0.0008009034612913718,0.09593120096411444,-0.002887125212604761,0.0016018035758251434,-0.051756859557430084,0.02509442171427506,0.03247006691808066,0.07161354734655612,0.4010539433030864,0.07628852350806818,0.1526916046131602,-0.12456942539954438,0.06598118586396673,-0.2874920249805015,0.02508786481934143,0.1298417148500552,0.18129372184228437,0.06199352352733181,-0.04586128065977877,0.07226661540385071,0.11644697439161089,-0.12778270349108994,-0.016461906636976928,-0.039320510351656894,-0.05130398529143358,-0.09646859607962234,-0.03931570954489965,-0.0849709811754503,-0.004470595476807539,0.18353553716527676,0.023106824027996967,-0.14591184767414295
PC11,-0.04987667744507997,-0.07594363299973633,-0.03675731899153004,0.1425602931112192,0.08533740944775242,-0.03263943758544538,-0.17812159988629195,0.07828050304697473,-0.04088339819370923,0.21180133591348985,-0.005400518917153395,0.06978967556830122,-0.1660880129386214,0.11492291315160305,0.03686433662950393,0.012102165194959196,0.13734419803402684,0.026513641847982626,0.19222597279265988,-0.03994937431928335,0.14448188006294424,-0.21316668797003277,0.03134245087228439,-0.19051931012251322,-0.0020012705135194746,0.0413773475941078,-0.12607684362444505,0.02962956940864336,0.021087950895900938,-0.13211916566147142,0.07012019315211919,-0.013463584183591493,0.10211702641579527,0.014943444448368936,-0.11138673855645453,0.1944586936540365,0.07091962945930784,0.07879009108329157,-0.24715349964628444,0.33832349573114645,0.0899957769491822,0.0728737715860531,-0.29693638367744,0.16606516115049735,-0.05279704807293512,-0.16039380982533727,0.011457655755368383,-0.013136031729211309,0.06811627628628676,-0.040733419769060385,0.16195101251822472,0.11332597763279603,0.2049422244131764,0.16675703826394922,-0.029233724835454153,-0.06313546371000997,0.030571809254492825,0.11834387986861888,-0.05509402762800503,-0.1701582633308548,0.12061164813704518,-0.008003427931844477,0.008256527977441846,-0.19919968359162765
PC12,0.12633887757046466,0.09164720758293461,-0.1391966784364155,-0.02589179920240431,0.0023671012909125266,0.0708611713451736,-0.14126239453743678,0.10686387133542842,0.14439663161716565,0.12127324849945133,-0.04373252055567678,0.04117823977425424,0.0685544206763401,-0.0020777546992002682,0.03537267534969858,0.0025928158358125217,0.01114519163839368,-0.08211357860321453,0.1764031870474507,-0.18716553817313722,-0.026442225497210092,0.13282214875484857,0.2226096717137965,0.05720026484372818,0.04970667032336381,0.07673065562341948,0.05331312224506444,0.2307254619302162,-0.14999968250829268,-0.1038049626522207,0.01815546353617778,0.17610477602109242,0.034596451024889494,0.031023686479032662,0.11427343423913155,-0.13999133467610755,0.042316055041157596,0.11086764077626242,0.30591254483813585,0.07607815927866045,-0.09306513658205981,-0.10145419421387854,0.12811290523203964,0.0014198826417127358,-0.06391143385350449,-0.14890252757727,-0.021751013528855515,-0.22345882301735198,-0.044740544791684225,-0.06434472219395126,0.31060213159377403,-0.258865114100428,0.09510573309215332,-0.01960768301117307,-0.056927768133937004,0.046457428396320465,-0.007014978477281393,0.07551286562824742,-0.16538251856337066,-0.15538816284843548,-0.010628705712476965,0.2740771171167223,0.05531991058950119,0.14328731937510264
PC13,0.15290839600185469,-0.011256491099674594,-0.021068679431805293,-0.10744139289678772,-0.017544732416666098,-0.12516931667305445,0.19535376327069348,0.026752751423723464,-0.11334415486124412,-0.07836696708678231,-0.25004091113579346,0.07407510486067956,-0.028315607853596048,0.06780379055236256,-0.007799563093074032,-0.04596031186127096,0.05180786856141112,0.10111529174370897,0.31114807976509334,0.11285814542821691,0.06994003044281652,-0.19883472677823144,0.1966040138788454,0.015864211286747216,0.23736749273722943,-0.11137147961982032,-0.06596566642690942,-0.11752068103270442,0.15044025305495318,-0.0437061478125869,0.1923552051076261,0.2756438232502031,-0.015570974928365316,0.20729196412869605,-0.03544068088022763,0.07741967949036255,-0.1245180883279686,0.021288383636497585,0.23136474236656435,-0.11119009355368495,0.03175276586282395,0.04991645087261658,-0.22425441413426617,0.08331394743787725,0.015485117755030517,-0.08883045398122869,-0.0875087520015329,0.09510791325634292,0.0055505802219133794,-0.08406713296168929,-0.11021171934627233,-0.08932404155672145,-0.1355465060925568,-0.02228044887179964,0.09991243198815897,-0.035259119558258334,-0.08748729540166733,0.12695758644275443,0.17326414970946774,0.12451973963473303,-0.12268638987433655,0.0316644602141329,0.1112521090067968,0.10924424710868845
PC14,-0.15632891362049922,0.004952949731674814,0.12605450552727335,-0.1160635018100799,0.05189775200373903,0.05624842134710403,-0.12835550284579048,0.023155341212718727,-0.15347488216928803,0.2540177764001296,-0.16796184687963178,0.04955812648192767,0.15159579093738967,0.0325471295219352,-0.11392471808811391,0.11745961418839448,0.19800763810905386,0.06122233487304274,-0.0441847872731688,0.10453621455530492,-0.23461472619101825,0.04181977062335719,-0.025734616966482354,0.10201843813865491,0.24247991775907513,0.13485554445084716,-0.08090194152180857,-0.18907923538824098,0.020487902640204878,-0.10782949857233959,-0.1378110146961144,-0.009141403294799288,-0.14132925926442721,-0.08023182942411206,0.06299479292007228,-0.0742171088635271,0.0568343494390115,0.056147037931375404,-0.010638041897496203,-0.11784480774557224,-0.021812718688981506,0.07166022779141816,-0.07862428674698559,0.10091622030897388,-0.15664806249056334,0.3162945714146832,0.042369450446466436,-0.04702371387205252,0.031976314337432594,0.027873483916341757,0.07116526187152343,-0.17088539782591908,0.12221661096966283,0.2752210534935959,0.14360467572892696,0.021668982290139707,-0.053865577116809574,-0.158136349152163,0.07021295469872113,0.015711325288710193,-0.18153395414812407,0.17220628319877623,-0.016111339989035703,-0.1703376169369319
PC15,0.014020002155093579,-0.06718264838747057,-0.030808859920699053,0.1801968454698471,0.05376197143182513,-0.04738553130819696,-0.11701449254007963,0.016443384557002432,-0.09454325661730287,0.04383985551601287,-0.0005139124420516852,-0.08802871735564928,0.021471081898203195,0.02538224429083171,-0.16282355745022992,-0.0037205060646347266,-0.15657726032086752,-0.07591614087519094,-0.006875861622846525,0.017027208566008957,-0.06927272119651434,-0.18206145372207796,0.24745063526604402,-0.021332170779912098,0.13099638973229355,0.09062109019928252,0.05078349111877801,0.28590644017185507,0.03930876734965393,0.09678969670443027,0.04737778556781908,0.06663027480474841,-0.014206866049896537,-0.00689594413580133,-0.061426552403349315,-0.10618500114199102,0.02781911874954418,0.029894298233993997,-0.08878438745977257,-0.008705379083532555,-0.012802940826551215,-0.18784809163529376,0.10180538276967299,0.020216035309676177,0.13384711285348413,0.32141546535634646,0.008999857451406003,-0.06256654311195178,0.06625992245002442,-0.20908634774112056,-0.2526101977550733,0.14024818644729747,0.16787480629990237,-0.10104257129400479,-0.015944285589184093,-0.07085509148466221,0.11341994285125995,-0.1229792807874659,0.1863708323183303,-0.09920194256908348,0.08169455403619152,0.0488448845010951,0.43092055324639134,-0.00734454227738587
PC16,-0.03510923240008224,0.17171515708065738,-0.04098404472207867,-0.005103099059764811,0.10835803187967426,0.1671590839630798,0.010480015689991549,-0.04306137091186351,0.11812026704882601,0.0683138361434781,-0.13761029363268557,-0.0500245260222756,0.130887577193058,0.07483933830334201,-0.07122446786687686,-0.07682738216723854,0.08939625575089544,0.04391949856343836,0.18164261391385259,-0.026978091160365578,0.05191331235981838,0.035549213764626386,-0.008626614079255746,0.1455411995415457,0.03901941796686703,-0.015360227827419137,-0.0002112839384487944,-0.2810513923997231,0.1767220398752755,0.16174147050950405,-0.1171984867331611,0.23298009542701684,-0.033434386457389595,-0.46608790184074445,-0.05779569779088318,0.013354019671780942,-0.03390677942071586,0.05126845709161132,-0.025168995561117482,0.04513143905114106,0.1135571299704822,0.014886263475488586,0.06480732929682789,0.010715100124243145,0.23747862430758226,-0.06279563200880997,-0.13697281511787537,-0.0062711800861468305,0.09757428199913937,0.03956369395372146,-0.2189434619234627,-0.008071863995839366,0.17466771606164888,-0.24657675655651526,0.04941225520459025,-0.023863026897518284,0.10520034167846748,0.07042595954512097,-0.1753342223358217,-0.09943831229813135,0.16780778864129395,0.04840509027859424,-0.10351316556804453,-0.03118700631942234
PC17,0.10228760812634409,-0.10174368094067321,-0.054468075360514685,-0.03563227792164904,0.010338721211502144,-0.09029461925449256,-0.19081169843357831,-0.004317639368186717,0.056772621947897894,0.0129175485811951,-0.15143166560824384,0.054669187802724895,-0.12282844106283827,0.01383054030429974,0.16968516849773013,-0.13002759423635596,-0.11178668124735584,-0.014950511095604496,-0.18418881355891478,0.16660883264504872,-0.07901110734921815,-0.015440810388474495,-0.05886004100106631,0.2143198947725734,-0.02560946400362127,0.0894412799124225,-0.11342286251688882,0.08899289669155616,0.32286278848704325,0.02847002394297017,0.014405912168011167,-0.12112877566475488,-0.051584291911465074,-0.01705674347418025,0.037262909930605215,0.06260051545048737,-0.06734190475115742,0.2694935505878526,0.2699398341961717,-0.028887099896982148,-0.3145728789103917,0.06532074713667067,-0.14774505176515276,-0.14715701869685827,0.039444933077242755,-0.10767998564125131,-0.0051360694952278865,-0.012955205688709268,-0.00011818099625026269,0.04098476289332373,-0.147724365561819,0.10849324249733187,0.1972365931925102,0.16742978016127497,-0.06520454799763281,-0.06537691387320557,0.005054689032684634,-0.08455055193461371,-0.31275951463442325,0.06497135485421464,0.016645235083600704,-0.1166866414707882,0.08525067314146667,0.006027162442189912
PC18,-0.08385266719861527,-0.18179123248095258,-0.08666566176109122,0.07032207524247712,-0.06335945083830904,-0.25768470738474514,0.040514703865851015,-0.08234125654710567,-0.019656280421268296,-0.1547054153761356,-0.0011347940688466208,0.12677592377580563,0.1318769393376328,0.055476166177737075,-0.061520617964653704,0.040191753563663994,0.1232254707716111,0.03241122197533911,0.12221604901693425,-0.17100417925874747,-0.06407318017059804,-0.1999907574287939,-0.059554685536625324,0.05856723910967221,-0.0812778148119076,-0.12623403499685049,0.0175430119447536,-0.0100106691294881,0.028556849255284456,0.07970335394293288,-0.0826336978725121,-0.32721628419033566,0.016191296961345338,-0.2429011295577709,0.1139074963306814,0.08722206557775757,-0.12913000546160605,-0.26597634867980324,-0.07446729048549257,0.026928670462205227,-0.26976618846295186,-0.023236714083044972,-0.013960443471937888,0.09925128258135063,-0.09727097524346709,-0.12293976161225767,-0.1822670894839959,-0.027489120184319128,-0.0469690686437266,-0.1344371651378774,-0.065833581354542,-0.03905222178312136,0.06490072165083688,0.01981060818890271,0.09583134268922855,0.13290857779549103,0.03607100943843316,-0.03498697179108022,-0.05359432955093679,-0.17046431908711396,-0.22430001722234055,0.19681949375639002,0.09120372466881044,0.20492791854792802
PC19,0.031486775656571785,-0.023032381240391357,-0.2048078335415697,-0.041838013326552785,-0.02523989883365347,-0.12495936628396184,0.0004512732575599615,-0.11177287924813706,0.04356857306211627,0.07280584923173228,-0.0022972896365180753,-0.10336169244113692,-0.10148931516761175,-0.13940585079260756,-0.018654981278821713,0.06926234079891333,0.07472582948760906,-0.009655671672956105,-0.12888178439896653,0.3510230932928117,0.16904443214792209,0.2373718990304247,0.2173480357085476,0.08546256497336449,-0.06657474543769426,-0.04616358597093523,0.10583184767399532,0.08864446564150784,0.16611361612358436,0.08594912361134717,0.023964784804937314,-0.05029819138089896,0.003033840471715614,0.001033245672118952,0.06125173308639657,-0.17386182148084375,-0.010613994796403181,0.07956589391161319,-0.21719168758429483,-0.012384289662739911,0.20625054466614914,0.10985500146406663,-0.14687305010538576,0.16066892678297237,0.0013782080483928007,-0.06899428311080927,-0.15685615126511732,-0.3496593767580073,-0.08065922219433379,0.11797749951992105,-0.03236255976303379,0.12729912187411702,0.03563203358335533,-0.029987684122958515,-0.06011344254063225,0.06873562560244585,0.07242432526942427,0.050586054699859925,0.130988719967345,-0.029940652711224477,-0.2590557376095922,0.1513566678796976,-0.11086491797678806,0.0828197089466884
PC20,-0.06856483898708189,-0.08996509988813273,0.07012501871176487,0.17571030924210732,-0.02014449975748564,-0.04497917690692089,-0.005043488182784078,0.10540698904854742,0.12688893977663263,-0.0024667080687761876,-0.19518218443676788,0.06032140501069225,0.06313539476706867,0.015174319131238533,-0.03341419279395745,-0.10767911530432367,0.056665643136244864,0.05570221024704647,-0.03646210566390372,-0.060380965833315335,0.010579060541387391,0.18746938873015356,-0.14922303918476523,-0.002707812715399413,-0.08514408937428494,-0.024450095667072427,0.12845712017641944,-0.07279509708232064,0.09523747081122405,0.07138626732246822,0.06550573580447559,0.0010154838960178998,-0.13094814329241836,0.1330329984850011,0.02773816565548249,0.32049313806827645,0.12081706739362205,-0.03442062447389352,0.15840356073916423,-0.20141682456181229,0.27051728289710797,0.022505314923251793,-0.08810452089229368,-0.11748832762981347,-0.03202925711441536,0.09322034112275335,-0.0379377341595718,-0.12919906846779042,-0.22483303856368708,-0.11602780608122908,0.08995406131011865,0.25887931344719445,-0.10155517370298567,0.046160232268508454,0.06978800882609484,-0.12354926052807598,-0.04788280831129701,-0.13961554975553106,0.039987493366267515,-0.3028985181324233,0.23506361930800845,0.2209594296406489,0.03313292063109612,0.10616780376092504
PC21,0.12100956993556056,0.07695100831768509,0.020584426580959797,-0.056615964372308994,0.059289778771452376,0.06067425588907138,-0.16581565683932178,0.09449324740469095,0.13889815985212892,-0.029228529296972287,0.19714975737986098,0.11008040766212385,0.015823589088188067,0.051931242763900674,0.021249971457986086,0.01476502148210317,0.11413149243954979,0.0028110856559392904,-0.042731061710483915,0.14903261699538328,-0.04056391626660033,-0.13487333182881878,0.15756163047260535,0.016959525653592187,-0.10257479719748891,0.15865211257464526,-0.19927951173137823,-0.043862558601500956,0.2284671490369127,0.12811027632551933,0.10463318050463992,-0.1052895291369508,0.23839880786469528,-0.005545023712778915,0.04469396099444212,0.15348971306719342,-0.16561693728915725,-0.02390737310705433,0.03401046174048937,-0.26446081580636194,0.03527153956961807,-0.07854025952003546,0.3415282398998745,0.176059319120555,-0.11769787219876354,-0.0486892854734655,-0.06808403084547429,0.08156719746164083,-0.12171332450452652,-0.1471980269660465,0.10444430824902336,-0.027998521016745638,0.16649905053577313,0.028472328769651348,-0.020574763271313655,-0.02073350797208083,-0.0206450125709306,0.018588719656149756,0.2880924355259964,0.06720544813509827,0.16782747429916706,0.026290948420005178,-0.21650222108420258,-0.04227472868588381
PC22,-0.18139805068127265,-0.1882474030883149,0.003421763717150238,0.0003322412965064622,-0.12639202527943869,0.057801951791040224,-0.03263393463883235,0.1912494580881132,-0.013627435266274024,0.07047565137185616,0.14017993878827092,-0.23219022765316624,0.24093869448685068,0.08171439952278664,0.09697937895546696,-0.03546578699102062,-0.031127004714258985,0.036185904778928364,0.047398126049732106,0.042703748937696996,-0.026910591995783967,-0.060716739988571536,0.10300232294751696,0.1204269128709702,0.03424592359336093,0.03208359223919206,0.03860204304209296,0.0628263229758938,-0.23877604378181622,0.005043072533636672,0.0647739856721382,-0.13843901665505248,-0.05808558089785085,-0.12171944402608384,-0.010653102542894612,0.16157360613754376,-0.15475663985851448,0.29878150031912026,-0.06989125970747885,-0.15807690531222945,0.032029383493635155,-0.1559481637147085,-0.11449609326161236,0.0437481832547935,-0.18065159399429045,-0.030294257316497056,0.12837127940544343,-0.16196870490578885,-0.05426686206148901,0.017877267473318387,-0.1652869475458506,0.07707859177655413,-0.11879857597266016,-0.08553072062961714,0.1929402167359912,0.029903696732993985,-0.12763899340408008,0.34507131223243476,-0.11398895620487495,0.18399148163271115,0.11002025171818816,0.036883907079610076,-0.023930738316118545,0.01447938908190456
PC23,0.03810500548343889,0.0257649180852599,0.14978599451374863,0.10081886124611429,-0.1389442499279134,0.11329719480436545,-0.19759967938440232,0.21366635766558276,-0.0243122680830128,-0.015689492752231277,0.14050027108646593,0.1454188664832165,0.07573419082233829,0.021991090363773225,-0.017473192395317028,-0.2942151437237793,0.028714566979309606,0.0912636443364223,0.12401641915344208,0.1465201585047832,0.08648333288547544,0.12834809292627336,0.21502091025225462,-0.18688602519297934,-0.037390913741243516,0.15443339580000875,0.019654707884885457,0.016864701907029156,0.027282362596210013,0.11501030264724472,-0.13589665003071874,0.026049378476983923,0.010436047171086038,0.017331124887328735,-0.09485261067099765,0.011998936652480086,-0.020209860917693945,-0.3551441504981035,0.07266085993027474,-0.1137037397562451,0.0026641852396675093,0.026963792703771534,-0.04066298548232204,0.07818614070985763,-0.012996268368330231,0.18449236808285752,-0.029317528692824044,0.11043458407133976,0.14207886683703236,0.20948785474122286,-0.01597491988415803,0.15296369449446184,-0.053234033522737034,0.08144635552535623,-0.12149143152367338,0.003930328240061738,0.015391318441862353,0.15499456574370535,-0.29464759939943386,0.0008623965734743978,-0.2401679005346742,0.002234741922629773,0.05820870562247131,0.09645807381273168
PC24,-0.2776322445838837,-0.1550910758106459,-0.11937404702400045,0.07424256147028488,-0.039034424206090074,-0.011333887136541626,0.1846028546624679,-0.11462381817136552,-0.00829687456554054,0.10346848449061181,0.08132981772607892,-0.11098840678393745,0.029275316438561946,0.003962718381385066,-0.20419559643979956,0.017319571081506613,-0.0031681755834272983,-0.0420521883539569,-0.05855487167157943,0.18510946444955156,-0.0133129094261044,0.21585428021922673,0.2238721707365876,-0.06195433906752796,0.03916461109904111,-0.14457674071188226,-0.07260526717694371,-0.06986336361328843,0.13831012113781518,-0.040514947622718275,-0.07210230886803626,0.0323535071618997,0.031129387098772263,-0.05672436752324354,-0.015399838409292835,-0.05422110244387229,-0.05490424333011343,-0.13845270918317593,0.2331570339452252,0.09578639843078829,-0.08668413439066022,-0.3665967532131795,-0.07563568220828577,0.24272648331456487,-0.10425407745203835,-0.17326918214557419,0.09786028264775529,0.10202393638811769,0.08724568363884927,-0.0007389183404970731,0.05826935176921435,0.0046356789176004234,-0.08138644877266547,0.055433890586450624,-0.0724625220253386,-0.10174586451094987,-0.1875214765341116,-0.22685027217506815,-0.06952228377300887,-0.07871668463785399,0.2216974869739043,-0.11647721151782811,-0.01899146085883143,-0.016963741706932517
PC25,0.00895574755525141,-0.1870087169364904,-0.02966596886499241,0.022319272866529564,-0.10450226694571489,-0.023168303875321306,-0.08167690078514615,0.1237138246996374,0.09135030213729856,0.15553551936352444,-0.024824154250308476,0.1153912792184989,0.14445335090389932,0.009096146688544665,0.01513474119953183,0.1948570244668904,0.03467297335718489,-0.056055983612585014,-0.023670695605926953,0.047389984082179246,0.0007666610189845128,-0.03436307620639249,0.038299146612193205,-0.05153637736917565,-0.021593038420618913,0.0307469147346294,-0.010291108026173765,0.25269515891166827,0.12234682709994761,-0.09596383561041075,0.13333189776844606,0.14329788703870827,-0.3651219840099966,-0.3072414772508974,0.03582003439704557,0.1310669795938768,-0.01004442370307151,-0.2765130327966223,0.11181619476709576,0.20829314857770234,0.06644658396182096,0.0658815184088467,0.11228147230351271,-0.20769909409079088,0.03353483250021747,-0.09331126262968924,0.06457025618736498,-0.0454473550548158,-0.1234520946036144,-0.042640779241336066,-0.11513028736644437,-0.04885185516217447,-0.17533310271417393,0.03317877712949341,-0.14124771286630866,-0.10968855109864531,0.04078694259863691,0.03825794530637676,0.1642557955894957,0.14090466608473687,-0.13097316210234,-0.09732229563683041,-0.13461108219164156,-0.18379629026558789
PC26,0.03858997865826373,0.01333702395444647,0.10887370210452367,0.054293338417080235,-0.09491845306100138,-0.17945381081397116,0.1631072082517465,0.05642040035261197,-0.06306992143380684,0.019846316647747525,-0.2277833075659127,0.14177859197489054,0.012897980833015701,-0.006041675856285889,-0.050958263718666796,0.11986587201883878,0.030434000305715768,-0.20363818735024425,0.08922972820276256,0.11704020328426573,-0.18203946749168923,0.12808018197321228,0.16264203271043046,-0.00846591172679858,-0.018452464752950704,0.1530209141816855,-0.2590482867327686,0.08618348186195328,-0.04645030091368762,0.087778332817688,0.011542885634005316,0.10184698117265088,0.21685084257347198,-0.04718625569328162,0.21444798689736896,0.01894323774103411,0.115308117205286,0.0718413323685334,-0.15750575719017282,0.14161064356833797,-0.11736981423490178,0.24653816587351496,0.126415270549226,0.030165975342808998,-0.11070203988759426,0.0941731226221337,0.0887252323731108,-0.00990486390892217,0.07573324224628368,-0.0714547572331114,-0.049686735889799376,0.1728163517357925,-0.2720109828130579,-0.04394154742053759,0.13553473443185882,0.07937033405752023,0.12697250656532558,-0.017812354593465862,-0.15967823817441856,-0.014860414364700536,0.19486471754948254,-0.07446946587721057,-0.1515069576638508,0.1684411124402762
PC27,0.0006023637506630114,0.03406932793125185,-0.06939905914873412,-0.2704545998840522,-0.10503633413961094,-0.03172343160557645,0.09463214131384638,-0.09721572706238754,-0.08908943154733531,-0.13190499057136482,-0.1963485985175228,0.028825561348669385,-0.11483207559952587,-0.030142476527960933,-0.020162900964667704,0.02287799020063696,-0.20274888554641834,-0.194977686204779,0.1232872750259972,0.062421579108154907,0.03119466293879071,0.13472109880092836,-0.04075664573671123,-0.1508971906653656,-0.0767487347295599,0.021268367983203213,-0.054936078203006444,-0.017573929188591988,0.01155878066517477,-0.2496167301956504,-0.09141354977266487,-0.12337929544116473,-0.006820959982770783,-0.15364811820643487,-0.00848117673654342,0.055428309558291186,-0.10546163371836328,-0.14127281728747532,0.014874924574004841,-0.13152750509795846,-0.10267698182688491,-0.07150503666423012,-0.14783679905091118,-0.07789363833860319,0.04778572552985494,0.27831014864550974,0.1150283176851728,-0.08060137213514629,0.0270970383145641,-0.1748278882441558,0.04826125042622299,0.06157903646997436,0.18714374449577137,-0.03874350238949676,-0.2786345237339118,0.03495557606692333,-0.06797108586516497,0.33592329146463157,0.0690530238123178,-0.023091651906797715,0.17463070240156062,0.17178118207765886,-0.10568487366076575,-0.08963253200679475
PC28,-0.06458208038969125,0.038685931495817394,-0.03431787162463043,-0.15716434909914237,0.057320452247416276,0.21614282783978278,0.2622619391078824,-0.05788475700605674,0.0694356839752174,0.056291124237327225,0.04701383308488866,-0.061183269077850204,0.13248464587015452,-0.05800873978887047,0.10839832260565603,-0.01991129851752712,0.03414516814284318,0.041709691445575056,0.04941201446080525,0.022641241685878825,-0.005884246053902119,0.034538730455877846,-0.05354372969462322,0.058700697430590074,-0.06547277690731652,-0.03417226059992046,-0.10016205301664936,0.11680453554285097,0.048550473923686284,0.008673444347831169,0.31684054085431645,-0.1554397891095296,0.20769052906303556,0.14885548149104444,0.04359294732165379,-0.0002473353193697299,0.0010040934844741112,-0.19657521625715113,0.19366379467304448,0.205614239576759,0.03664492760641442,0.08539311405887247,-0.012580086105757483,0.11966838936528736,-0.04597190967811049,0.2560859062364849,-0.08331360936522804,-0.06808733130348277,-0.18578823634878053,-0.10237037943007513,-0.07896349964195323,0.05319168761261018,0.08033289153288062,-0.17677181494880936,0.16020462002333835,-0.05826906630277837,0.04944148356276595,-0.018721933015383645,-0.2598750583645912,-0.0125729350769418,-0.12677614117745706,0.011219488488735208,0.07778007975616089,-0.3581004322912902
PC29,-0.006581983231997873,0.0794596798416917,0.07644784798959506,0.06281328712646683,0.05668941706104216,-0.019409539895384714,0.0782739033295642,-0.08376351911765623,0.03129252947160482,0.11134946033611835,-0.03652878318539125,-0.1644826166478319,0.0472354967001778,-0.08116062778228275,0.09353739233513647,-0.1114243772393851,-0.17651662845519944,0.04916974766143807,0.08689394517222389,-0.26770411275992684,-0.28961814706721867,-0.0065028722691749564,-0.071496709808293,-0.02067550565360702,-0.08085186761099616,0.09412483664656991,-0.20086933233029275,0.15731995112024325,0.2616793970598114,-0.26921681356483884,-0.054768510900536596,0.023053594604826845,-0.009335873455426948,0.0468528346166853,0.05000253399931075,-0.03460899211178242,0.02462109681564045,0.027335435688058993,-0.08227341262488026,-0.22615018247401295,0.07879857339030877,-0.1788174060075058,0.002559287741729915,0.16029811573423808,0.011694110165478895,-0.08780542945956332,-0.00893050448285691,-0.04705710644346956,0.07169344458710064,0.0583577210182831,-0.09668236940152261,0.02961124224782674,-0.11988126115987813,0.03198006818723049,0.0324862991472936,-0.18232789560430895,0.10641454568088031,0.15201882165138894,0.0584678803553618,-0.30183132127797757,-0.26511287982648823,-0.17645030522532215,-0.17060269512619552,0.030363585949374168
PC30,-0.13560389049555188,-0.18338837972165667,-0.07659698552281449,-0.050758754739922085,-0.04432103967224839,0.16343074127330381,0.2164381698375994,0.0774937453560878,0.05808299637340571,0.08831845375087086,0.0955185416579746,-0.04181854098252434,-0.05430580114053994,-0.03909729802149604,0.06727947275522433,-0.1217365559855571,-0.07402064620232547,-0.07102902040972056,0.11166098945630704,-0.2444444653035014,0.16040519086946053,0.03906825152171679,-0.008082524192019349,-0.019186853430728054,0.04065580629120594,0.32075093385975406,0.06254501516416934,-0.111902595800186,0.1571717435975443,0.003119218224264253,-0.08795175766759986,-0.013911881477831043,0.08555329885780119,-0.01659745096089759,0.2537211482184768,-0.05192038137643942,0.24612567572462987,-0.01810032026147137,0.10967927447046773,0.022093759228349875,-0.10478367608198542,0.053945746483079204,0.0423190725127092,-0.043195533571451165,0.06399171510789946,-0.161246333469021,-0.02965823993876965,-0.01846784794979824,0.17827608928405003,0.035187815635467974,-0.0350860154787874,0.29176830464845505,0.03922895730412468,0.13486802253023505,0.11483300625766718,0.155003887274312,-0.029036769885754512,-0.012802103854276563,0.28507278021242466,0.23405044736854558,-0.0289639525402249,0.15938115092288677,0.08362358669905075,-0.06735947226061006
PC31,0.20402184996701858,-0.039627074511431735,-0.12358387255554552,-0.0059907128875039024,0.37167288197205084,-0.0640468601072578,0.04828122975902463,0.03028030974556492,0.03123932660692967,0.12558211428160443,0.3146859697587473,-0.018431542685376785,0.07525127130157624,-0.0918950886014014,-0.006584080561533888,-0.115696284494234,0.00047899554130423,-0.10541844257169747,0.3907433001900758,0.05158952367998627,-0.14676618653849732,0.26835301281509727,-0.04840519665730725,0.05913606635547447,-0.07137495904620941,-0.08627596322726862,0.11383060075753017,-0.07505876680495993,-0.11312470677468214,0.016406526125786726,-0.043952501393941294,0.007996573576155228,-0.006997076850215167,-0.006773849830881674,0.0364359607299808,0.11133186638198336,-0.16581259392619088,0.0279965836009159,-0.07505008570817848,-0.03784360471787372,0.0004292059558154357,0.2054410025909564,-0.0528448099453612,-0.0901908069372913,-0.08042306080384526,0.002895408715270033,0.1762424276775263,-0.03305557491041878,0.1060110000343963,-0.25173403064338656,-0.10707139358885728,0.027381446560415544,0.06161123699885268,0.10512334010937152,-0.10767108658171831,-0.13105468193544803,-0.08229112387783993,-0.18342285124296517,0.041774425838148894,0.046358596569745225,-0.0965185523698589,-0.11446201920051874,0.025331970013750343,0.03981444871337078
PC32,0.020584262965855048,-0.035288193246730826,-0.05744027988855473,0.01840759232306862,0.03872390676095011,-0.0831948847873925,-0.01361845167330604,0.009549500975486035,0.04268431781676405,-0.00030526816637046084,0.0044002173315288665,-0.0821774395765451,-0.1379051899905805,0.0512208116351338,-0.07939097043572321,0.06542813846828298,0.066981011822107,0.28468597191595113,0.09711758627570265,0.10981772911194579,0.003245351817821023,0.2279047969067296,-0.17438212013630114,-0.06556724705083478,-0.023599880135319454,-0.04912285056696816,-0.05241093412024383,-0.0013696491703760194,0.24645548279893525,-0.16596267305766033,0.2541325817670267,-0.07556437583627972,0.18799178088023263,-0.16791721689114972,-0.05683031122397022,-0.03629508468964142,0.04127934647588383,0.010172573747382348,-0.02976662697374207,0.08366785758957476,0.16394444629737553,-0.11725768450022137,0.23895144916173172,-0.2014294188234368,-0.06878906808722582,0.05413166382406023,0.31278307659077287,0.1047221352786623,0.025880340316824613,0.12446271868832595,-0.03358630160032571,-0.11249989406836888,0.019370739361206413,0.14729998205889028,0.15138266063671352,0.1567994069452053,0.04594183925602463,0.16734473489155677,-0.023914790689538508,0.022873383592471267,-0.01718394975133082,0.08456995591061052,0.2747281019850312,0.20249383243295313
PC33,0.07741969843798814,0.19166539257900783,-0.08149208298849663,0.158778143505574,-0.042939663595486045,-0.040497955214762626,0.2815063396353465,0.08368545534033942,-0.021448653818069784,0.08440668744568541,-0.018004850936750336,-0.022559459295752426,-0.1301462890120522,0.08584053835600607,-0.18300724863023413,0.17562437737296283,-0.030568799929384438,0.17641858256322715,-0.023935130839460344,0.17570025416307927,-0.037754145725757235,0.06766083953336542,0.014697422731594538,0.08092341861403937,-0.06027970013579414,0.1955298686830601,0.1110063251240564,-0.009814036033286046,-0.22215220719293324,0.07953885486511736,-0.0007688096841069678,0.050428592542966125,0.05044278150874624,-0.1156000098293095,0.2172238292836881,0.3427978934337247,0.06631348558272201,0.057633511838103495,-0.0022341727272548587,-0.08785287782959247,-0.18476544771003575,-0.1985319531215177,-0.08292551230681564,-0.10497377199367762,0.06866051605860934,-0.020176461675075506,-0.04308048404402439,0.13307853468980654,-0.09505769668969168,0.1021493578900114,0.20665163191607977,0.04345586500233308,0.16133029987163247,-0.09277769272104884,0.005298136007466765,-0.14903953798101738,0.08427315125301807,0.07537378996983923,0.04999735778838407,-0.041030882013681234,-0.25078734660653107,-0.13565586051409517,0.08400341787084145,-0.10680880895823858
PC34,0.16227855571413605,0.06606428161362637,-0.09163063661722454,-0.21507288315213313,-0.01044092050747976,-0.20422548211084732,0.1346391254558691,-0.10524637597927886,-0.010644025322554644,-0.07277266333665791,0.048621715655096764,-0.10511009067093105,0.2138413258280158,-0.04173032941733359,0.06002654979532812,0.13474464133140793,-0.0009552875260730384,0.13562256815497836,0.11251994210189736,-0.08806072710133846,0.040819188806698485,-0.11732168310961154,0.027993551785183854,-0.11361952101126638,-0.1915198483602427,0.17666313982588872,-0.17019134692258922,0.019207495593483895,0.033501652117440175,0.41290172754708593,-0.19382512020862974,0.004214586858358099,-0.1977470542255126,0.01565229539249114,0.0900579130056097,-0.0547722051354102,-0.0191912901160521,0.16216052619665827,0.09748033201374068,0.11123862065345161,0.26154493966017484,-0.13740798677934324,-0.06470954719662814,-0.018656076637084754,-0.07837337115838063,0.08682755828286964,0.04926784279776211,0.07799281173623256,-0.04929817618387761,0.05551033495637728,0.0349856300502419,0.004179841021553931,-0.0627286538380361,0.24675559285353657,-0.15066012844622292,0.16159253404747106,-0.00264181209554591,0.013378301356374814,-0.06296577312794677,-0.09193892529249492,0.06441566086719211,-0.023916669409471496,0.11965577281587268,-0.12720258102657242
PC35,-0.174520858127015,0.10029717108119925,0.16929476764899437,-0.10842519598800807,-0.10230038630569561,0.08799562745689825,0.0010411078922141041,-0.07237457584041893,-0.015732555991575865,-0.12574673513932005,-0.07488925147683906,0.19161175070568684,0.029267817542725796,0.1622469024070536,0.04935692598866767,-0.3102181710956835,0.09610167050390887,-0.00015991045760970976,-0.062337799532968835,0.021052276492065675,0.03733681364233423,0.07606509134550345,-0.11335289035704307,0.06148579227552814,-0.09015856692353316,0.12646384558385326,0.04958238992803379,0.03165701818170223,0.027444554843732788,0.029699241196742714,0.15051963330504112,0.24560804931928398,-0.1659254833037288,0.12132533033473447,0.32620432540827915,-0.02391705447191563,-0.18438637902175792,0.006713186497219772,-0.24344328490380923,0.2332166785042191,0.03837601379609028,-0.22177353805478728,-0.01313381195154734,0.028776209040459785,-0.14284171478325416,-0.03942939407204824,0.1601808009002786,-0.061074589483583054,-0.017441006245665594,-0.12010362153048466,-0.06252863772304393,-0.004827020828694725,0.2299639105158022,-0.07155251322545851,-0.0561934633681914,0.08625705079008848,-0.14886724958585096,-0.04892237877609845,0.0645590053625249,-0.019307505602272932,-0.09402847265893613,-0.13610126111468626,0.021483077295499302,0.13301563741335326
PC36,-0.1596865072871568,-0.12394453967219266,-0.03915635361440295,-0.09554599507726406,0.053838041088001796,-0.09957048550180483,-0.14658907299509416,0.1909678752410006,0.014196931882948956,0.07313082427929912,-0.3482010526300885,-0.018273698777377168,0.18462676637230602,-0.0384998282927156,-0.11619943647649222,0.09282288982889633,0.08290456777671704,0.05985988967610811,0.15553799969501714,-0.10810739733936303,0.09063951337648934,0.25094291826137427,0.01288604768051739,-0.14382534050589058,-0.12877245529282372,-0.05576940176233455,0.07815214654114637,0.15933041625420463,-0.024763043503282456,-0.06781583782380983,-0.07060739536407712,-0.10541662818964356,0.07152035663544816,0.15586172955315367,0.08978087526199183,-0.0816986737472997,0.07609673689613343,0.03821338184103937,-0.102138170964224,-0.20566480502336154,0.06902203417126027,-0.011910530518394916,0.03422846747457335,0.040561581857690744,0.07042229208320776,-0.10424581266350073,-0.24062954932375075,0.23813991718484723,-0.1277747228862689,-0.06041645179189922,-0.09198576556401154,-0.06980136240025553,0.194402854211881,-0.05742292918603304,-0.0592198101295216,0.11273353735731916,0.008664743334960923,-0.029395956065627116,-0.0563041343506857,0.2106731262886123,0.05238903651418064,-0.30436624086183106,0.04999830332326637,-0.05234445112611082
PC37,-0.044736507999157786,0.04580149760269585,0.16660544511994546,0.024674208785050358,0.06306442942593997,-0.07414488834607684,0.1301666206704362,0.03467763017036858,0.012957360379141747,-0.0009100661848173569,0.1172652936454049,-0.08509518092088236,-0.2527118829269991,0.247582933578183,-0.17219593745642078,0.14540912034030307,-0.03643218736046424,-0.13993235183312352,-0.07150606695610931,-0.203479830164285,0.0652612478921291,0.074155437656542,0.020143768707211972,-0.041001435532566737,-0.037174349973485184,0.1363548792538751,0.006704512481820191,0.009779810744149749,-0.006926288716328097,-0.13623544278402086,0.12651201212872348,-0.04741606974156113,-0.22855719836419522,-0.10677147293904393,-0.10604772937211963,-0.07252320761279213,-0.1714602257241332,0.2018846810072828,0.16180137419744686,0.05341936205538404,0.20370115455537102,0.059682806775896526,0.036613623503436735,0.1541871085437693,-0.13097266267837798,0.08680061800863292,-0.19428995809302996,0.25125319852659983,-0.013920644109349053,-0.16487863943255904,-0.01236631610730065,0.17291923470190435,0.07066237458450425,0.0009599067622233365,-0.060393345458708475,-0.035652808841859035,0.0715331029834606,-0.06660816122699723,-0.17978664867677546,0.1684885815149379,-0.16375983472655511,0.13763827247639934,-0.11219625129040106,0.18846973830458644
PC38,-0.08977851248613,0.027389803801472636,-0.01858968753144322,0.00937890137660613,-0.34398849705774864,-0.10633947034330914,-0.07745966883102412,-0.16333640532925967,-0.010109088081297884,0.08248659510659066,0.07195877386709132,-0.23868503237199842,0.07738833020948856,-0.08542911885488419,-0.1439099999360418,-0.030641037682608382,-0.03345505649878742,0.07810275400810611,0.1232225979431642,-0.1252573285892501,-0.15601820062914068,0.01197259908890768,0.13209624992334235,0.07031070014922264,0.186374437968588,-0.048412013628561235,0.08696607218320386,-0.11801309058724814,0.15529945260679295,0.11966270595283486,0.13030415456583874,-0.06781860258915204,-0.09810232294717615,0.2032541398848931,0.0083778072478829,-0.04214791899466105,-0.10743169807965725,-0.0815073786895063,-0.04140511308164606,0.0975028648261002,-0.023755749947479005,0.15921911892159202,0.054576406408495835,-0.34169020019324575,-0.22904769530946947,0.026269335563314608,-0.13200838599519732,0.03518093785415183,0.13087539540994014,0.020594418941255133,0.217983818096472,0.06757189531815191,0.2173499095968539,-0.042289257429900855,-0.0009527063845684476,-0.13965852971670029,0.15760552981999504,0.1284626270848267,0.02245000360212071,0.02692123063340344,0.11061207882322548,-0.12448265256098404,-0.1101540949705492,0.0252376425536278
PC39,-0.10225311349219851,-0.006536815051220602,0.22648882833826778,0.011156595046604892,0.08233272215523615,0.12831293755206713,0.04182637028157159,0.2012772413446816,0.013046493558927206,-0.11702071765393211,0.050623777116480057,-0.10111967158201877,0.18122130390595742,0.029683787387745277,-0.00025912118345953333,0.18341304425102675,0.10355997860339476,0.1286925768606879,0.04211149521407818,0.11432664918395163,-0.0824156140145432,0.19027527698365942,-0.19349973951756208,-0.14099592758636892,0.22606718494709782,-0.12249919027209574,-0.13529094519213647,0.0727091777812632,-0.00396251159021848,0.09936891487751975,-0.07829074190436458,-0.017374182980619712,-0.007394387938773877,0.18722779010122562,-0.12384160329138423,0.01644232156439754,-0.16878294386879833,0.16913136258217393,0.13222986798276992,0.2189844787036585,-0.2670107950041696,0.004199155847283552,0.04526237071963633,0.020159656363553304,0.17804504955580075,-0.08136858872876486,-0.011781858477597124,-0.04149039289957439,-0.02658974081923722,0.01297661362381089,-0.05023384474896547,0.2089217420728417,0.06053915103374531,-0.0016082729556406057,-0.20150853906431465,0.13515224591371497,0.15322951101921475,0.10133565351749418,0.22294294427341452,-0.15941167808744894,-0.07141940218601583,0.08454770159834711,-0.08575219048418256,0.06955202746113924
PC40,0.1243019110255792,-0.08115828867740925,0.21248526264135253,0.10171169897491136,-0.012181043924425445,-0.05686381768085189,-0.031120598011490593,-0.021485977750403097,-0.25818486396260176,0.25912334747185584,-0.10404262149864249,-0.09118701228101941,0.09588114619686006,0.0654337768558994,0.08973842616996307,-0.04024711832963065,-0.18555847371811413,0.07139760915296078,0.0387392858918901,0.20287542357109703,0.22965993268637036,0.007235959059964641,-0.2118685029160738,0.0954983365747881,-0.06552971756435282,0.053553470451036596,-0.09092542199475186,-0.15210523170828058,-0.03757482428249624,0.10450849421889691,0.06132150604337416,0.002254291802982533,0.024912497514052973,-0.012979748896940022,-0.09245079625104685,-0.2492835168793151,0.1588595334303586,-0.045183050700772644,-0.035146293490336024,-0.09757162666084032,-0.06736815865662038,-0.08593372862238052,0.1184617213829042,-0.0780773026898821,-0.2583504312784747,-0.24310822320299014,-0.019852274364530118,0.05327377648737894,0.013717916986884071,-0.3036618876270036,0.04176354445075942,0.03573169670116977,-0.0873865361163199,-0.16949369351919513,-0.1900499593910514,-0.018434823302951944,0.03279844176813486,0.015850414327957238,-0.04230250317580553,-0.05917133662056879,-0.09590161086757662,0.15561921491573852,0.026101447797060227,-0.135299567299026
PC41,0.03799300085497821,-0.21336044161650278,-0.1080562479696863,0.27197003404358616,-0.009113107460125017,-0.06608376830287194,0.13109016533369902,0.15090118457796511,-0.04742851595320317,0.023180385085519128,-0.15427772931433342,-0.018593043507245235,-0.02505839953900317,0.1316259063633184,0.013614795933634564,-0.13879534280687275,-0.007104567551570649,0.09164378634239712,0.11763975456970613,-0.07864184466345145,0.07860654144177753,-0.054144481869076874,-0.07905748631661244,0.15652066584217467,-0.0069942226600866395,0.03909186072943433,-0.06944730094682583,0.02362656766352072,0.16804174011205325,0.07597337583178007,-0.12901179004088814,-0.1908416090003916,-0.08917219471887419,0.00694807950823699,-0.04847359116312326,-0.08401428313814999,-0.13001804859841581,0.07241425317133185,0.04425650793440668,0.06407101869745521,0.04625432076172059,0.1318862003013834,0.12066724027218763,0.18680247644658202,0.16363441162755718,0.23738799825463222,0.2449939587172106,-0.1263214830979019,0.009208349310572524,0.07777016878653255,0.37504416981900685,-0.08104807829062075,0.0021109083907892116,-0.29589471792514593,-0.08923473167731956,0.02763151432377762,-0.13876327227681232,-0.05555074972214408,0.05841046278429009,0.1110214141625946,-0.05982114784651614,-0.15970685883978575,-0.07455335564165759,0.014079439762094678
PC42,0.1360023698287695,0.16799033766550675,0.011059027980867046,-0.024210442314467166,0.16836465749135648,0.15124661765323355,-0.22151495043907438,-0.17108559470933343,-0.19198359217230238,0.19806532942219168,0.050304123062822885,0.1489111378932525,-0.0682557874179552,0.13221697782151093,-0.19622240437494037,0.16115459569990465,-0.19494462888401937,-0.0184819620642395,0.07449433716309808,-0.1311205387998715,0.04076568188658615,0.11477836827634313,0.0015716423748179248,0.1997057428441196,0.02863424552101669,-0.18551596874716614,-0.12162412274992895,0.13130275717883527,0.07358335116210878,0.14809959617654583,-0.0751397349417256,-0.18478550749003758,-0.18473331106268226,0.16106588627379292,0.16789354940093182,0.12409626293616303,0.1473591904378569,-0.13002582394732473,0.04634602510677839,0.07746715847812999,-0.012900870035965545,-0.0007610486293066719,-0.05111147822744666,0.10553574944285617,-0.06368037008010094,-0.04821078387249849,0.10425923206236107,0.10382162578368415,-0.07897632773744293,0.20494097230988384,-0.13256465402261272,0.09462521420911998,-0.003448784723887127,-0.1557264748548249,0.09336495331360065,0.04901856801235355,-0.16527885060508957,0.15914647155534448,0.07514184911351943,0.055805041597042054,0.08136913915863389,0.07775411962011061,-0.0208837868940156,0.09143808948439966
PC43,0.15372876862723148,0.15219648892656168,-0.017388138988443977,0.04568461954245568,0.1397985702092829,-0.05050994142156551,0.08855288833575481,0.055329238798713,-0.03900981318264628,-0.11065536744005072,-0.048810263743342915,0.042557171490719095,0.045047295879863836,-0.10410756728752393,0.05046359848668709,-0.3370941227401731,0.2446781809265322,-0.02305753439563861,-0.29609632229232613,-0.09502886399476476,-0.00935461951388351,0.22553738041819216,0.22435183246713472,-0.0859945836744033,0.16129396403744822,-0.11005003833653143,-0.08163916044088904,-0.07399146067213903,0.01483404081335096,-0.014377904219219435,0.016951703452220676,-0.2984020311473388,-0.24454447796051282,-0.10988780800290046,0.015431711650435647,0.08880781759766536,0.21313582751307666,0.10771257026068348,0.009505480949665114,0.0927429104762576,-0.019541062270436234,-0.022512421005056918,0.029926932225716147,0.04938025062818899,-0.08585163889966,-0.05480943374202745,-0.024535264293222357,0.06580884792012931,0.12576691994415834,-0.2134013680679246,0.04359899448145188,-0.07253849466319232,-0.08001309881124648,-0.0710706730747572,0.0022248128076645893,0.010174630495843773,0.12404205275081574,0.22072030554676875,0.09429497690315625,0.022010296271284365,-0.0023202148248165633,-0.07667570892037023,0.15098943840601808,-0.13229748679209796
PC44,-0.21777468000393352,0.06518674395985948,-0.17397188012485448,0.032858545907411524,0.2221815184227488,0.04616535063832119,-0.05407207770727985,0.045352392260255,-0.07921885702555308,-0.014916857711144333,-0.09801617921034635,-0.040899861604452886,0.09577593872282139,-0.019810383359862717,0.21688778069806441,0.15919126257582794,-0.06424677557322454,-0.16935811685197094,-0.043510391449315476,0.02697033693799808,0.20949864359864476,-0.05409157082096222,0.009930088962793807,-0.04964780794360674,0.2182061898734183,0.04190214761910257,0.21535805701604138,0.0768722872677849,0.15256329414430977,0.22638405170911702,0.18799127599659307,-0.11800135854454163,0.08636611284088846,0.03730224752130737,0.12188884425973717,0.11767547135124418,0.029485552049541154,0.050074904685352466,-0.049473570607560635,-0.0023130422442651523,0.022461016140909194,-0.09873920967241061,0.02176278159668315,-0.1358161689933441,0.07583336493116377,0.1476166319757436,0.01992745404526089,0.21747935468494153,0.2778381206538267,-0.11349647591742101,0.042132737799703286,-0.11786746859520796,-0.11141759962412896,0.0696733559595592,-0.03089544317967828,-0.03362321780537874,-0.16556516819195952,0.04120922113908038,-0.10123153027690103,-0.16724516930598785,-0.16754321677434406,0.023890782927649255,-0.26312524476853316,0.1114571857625942
PC45,-0.17564022616093772,0.02578211818468516,-0.0617368912022393,0.0656560298250558,0.009445831099437287,0.10319960890940719,0.13806089998800938,-0.07687272681683925,-0.0010290153849959911,0.1735838689635123,0.05667110709756861,0.18153578521867983,-0.019376581026609028,-0.009475410762267957,-0.20212758447373577,-0.02688121800540619,0.15889616113341076,-0.05354997911649936,-0.10976624887547054,0.014600202434962165,0.005202544910212006,-0.020040628882032015,-0.08957903703879952,-0.18230720853191343,-0.21447603345357355,-0.04149356162750369,-0.21032250056883992,0.16406783359205493,0.16924279186758426,0.11037378145921126,-0.29499307000382746,0.06673966058733431,0.051072796868361685,0.18288616703758181,-0.09798114392517512,0.040600217631754434,-0.1543634472442838,0.14515926579842783,-0.09075889616838992,-0.025470431088121376,-0.01115529287829295,-0.01220564101839381,0.01186528521372203,-0.3021918544212777,0.03290790447636981,-0.021961464021645477,-0.11671173214509842,-0.08639143632478244,0.11803645916105704,-0.14501171169035412,0.026793244948902794,-0.15490733049512398,-0.09728368110674138,-0.08022852829313204,0.11015400280045878,-0.2080753302314192,-0.0999482140345687,0.13924467324725442,-0.07051628344629282,0.1964894459592429,-0.08242861043035088,0.2124791716056931,0.10807680707611066,-0.002784771820820639
PC46,-0.0747657976583892,-0.1125583297579662,0.022711307712530885,-0.06782944000791097,0.21159944829228985,-0.3504861196661101,0.00187405965860569,0.2090619365091172,0.08160847529205484,-0.04791184408381827,0.13266439246120382,-0.028838477562097918,-0.1660032784445764,0.059917306184930796,0.16164228144545065,-0.038181520678457787,-0.0744131283343489,0.23389563010748451,-0.10549821629689536,-0.08583685591258249,-0.21566027237915672,0.10162827553009275,0.07580586452119965,-0.12120003096073373,0.01865163906651441,0.12343491622805128,-0.01660158702292023,0.01891288079057879,0.04815537340546988,0.13890671543140273,-0.05963444943418859,0.15981139493704696,0.04732821794245961,-0.0029123305666354828,-0.09765056159572064,-0.09026098322500486,0.20286718514306962,-0.11668511561182415,-0.00908077605896098,0.09849239494722281,-0.0913034330482587,-0.012692620989339404,-0.20815592234157268,-0.110609515090039,-0.1440584934946742,0.08029841373621524,-0.041499863374281014,0.045847857445559,-0.08175129380367034,0.0455112174453106,-0.13004486920328717,-0.15677399984754478,0.13134744330481846,-0.3111031937519502,0.058270268887208085,-0.017635096377034545,-0.19623831857901017,0.013309525513071463,0.0632110484829396,0.005239587050655914,0.0435065359046333,0.14212459357852664,-0.20823296694215768,-0.02266652373304523
PC47,-0.11416474101557643,0.05028402022560091,0.14893936239110667,-0.007561927405147755,-0.11237794509312415,-0.08484192781928213,0.04542928514496096,0.06063829922490731,0.08386464741739141,-0.05975629323504594,0.03331380321284548,0.16697491751199098,-0.11151409611934537,-0.0637940649753473,-0.24188514532089297,-0.04188984898622855,0.14263782812345147,-0.05651867870167674,0.14736696288311182,-0.04194890478444006,0.15484192392789223,-0.04691381714440658,-0.036765975584289776,0.3172049255625029,0.06761807789687535,0.15059640767409882,0.16260245356713535,0.013247393048601536,-0.0069550266638349866,0.0668415924840118,-0.14364105543224606,-0.2139688378559347,0.2098453046713647,0.0803993994890096,-0.1232718062377659,-0.07966019465157537,0.19542006941562157,0.06871299748137887,0.15713898281127353,0.12318804317471294,0.08473705095725162,-0.11689133945916495,-0.06965219402868653,-0.020042838323799505,-0.05723190044098785,0.02994259200243636,0.15155883220074406,-0.08334076509355301,-0.10884245093283176,-0.07128808258018751,-0.28850223427768507,-0.20985409332538119,-0.04719444105681278,0.11404992158750102,-0.16294636140390126,-0.21035298936760738,0.15638659605124494,0.10820671286993316,0.06809167772848827,-0.030692352094811547,-0.009127809407988007,-0.1008622889542956,-0.1517093678578622,0.0069970518263201345
PC48,-0.009320035870015099,-0.15077771725283173,0.1329473945102072,-0.019013811405767456,0.18252553178719816,-0.05634561205981933,0.1971513061084182,-0.041098657111615075,-0.15679512832000717,0.008083128594890784,0.06207907733506043,0.17412608308829147,0.12002711075208013,0.10503476799083367,-0.19105669330244818,-0.0955793945472937,-0.23373736002749024,0.24108705181639387,-0.0446614492621786,-0.05539908236496064,0.03679907440792306,-0.036640682227901546,0.19479325945491455,0.014433852025757404,-0.08350377628999005,-0.13079615713795895,-0.016259457258755827,-0.10866735220983095,-0.045014069572121285,-0.052871550897547796,0.2125367669751272,0.009345892179591808,-0.012849669356752982,0.034428507017639914,-0.005146004056829669,0.07664930404515947,0.17005768680289748,0.09763849715933245,-0.07427468165659686,0.04724666737818366,-0.059536299289485645,-0.026685992851484965,0.25061906868034495,-0.06547846393474718,0.16644640949168021,0.0899378375013494,-0.23666806867444773,-0.307786800843565,0.022502669715611545,0.06954919854106652,-0.02453813638563431,-0.047394142454568536,0.0659295279702424,0.2909810905980428,-0.16073610227245422,0.01667362746464843,-0.15361703745015054,0.07152070504473027,-0.11434802931920492,0.03302655498751121,0.034068784805323396,-0.04416249735700006,-0.16250498322815907,0.014949206244233772
PC49,-0.0323721215351883,-0.0005725280963331733,0.04348162484100774,0.018077120843890085,0.08693840629642721,-0.11653716794362143,-0.09970990706417142,-0.03467436360345117,-0.12595431425755718,-0.21205776488104772,-0.021848355763691246,-0.017218248419773707,-0.22180394260203307,-0.0467859467945358,0.02112267631918052,0.027661632105133106,0.23803565000776516,-0.269894498530814,0.29088272745380817,0.07055505110607332,-0.0845800753554519,-0.04666496117782784,-0.1401303262206017,-0.07370210538545025,0.037046768134057356,-0.11326818526698049,0.0016344952218496876,0.043238579908211464,0.018124059442730402,0.05950930354197241,0.015661039829745507,0.054243016055041886,-0.08627905004675833,-0.0035988892466515335,-0.07842246548143307,0.11184466599355379,0.1733970091883695,0.05301314509866452,0.12631964258990463,-0.07224378643644892,0.03629327378281236,-0.30403350275104635,0.2207574649594327,-0.06780689411001108,-0.202301404592971,0.01738963103240103,-0.1453564517645146,-0.27640574139443497,0.13635480275427014,0.1957381811259406,0.0336519749393477,0.17265879906990064,0.03584754928525046,-0.12062346039933408,0.04807636269285685,0.09494658267827805,-0.0634495717421312,-0.07691270672625446,-0.07490016998025839,0.10699635500358498,-0.11703000938362669,-0.09296718763037481,-0.048375452559120555,-0.20228536857910834
PC50,-0.09209255013029397,0.08032026163910255,-0.1565059732112022,0.18656403823729176,-0.07948802124721184,-0.1831217366688287,-0.05426005781361612,-0.04172813075680604,0.05772098325446716,-0.04472460646055234,0.052292741465295486,-0.09446122864004511,0.1151030349387105,-0.09015621094188782,-0.13287693686060323,-0.23247035202300753,0.07341467733586957,-0.23374701671062484,0.1115009853466011,0.0448201593110205,0.028307792460437603,-0.040565935910044905,0.09492742310526117,0.02361378634974605,-0.05708627590687872,-0.011746598892563354,-0.2647917629667391,-0.1102365234408199,-0.10003824818675029,-0.06783458178623548,0.15548961818970844,0.012591562951855458,-0.12674056631194525,0.13534411056138657,-0.04070636985474292,-0.0766960808765712,0.11836072128479498,0.08701655135427672,-0.08088071054648616,-0.017427902939158565,-0.09249493885660008,-0.03313507616203286,0.062488931083507934,-0.11828368904700334,0.2779113973685549,-0.023197531942735515,0.20375315076642825,0.2703112432600685,-0.2987618709480132,0.08287874121955696,-0.07360336316031085,0.05458403157724116,0.09138968347267669,0.041864807053097364,0.04176124664081057,0.06590280537124205,-0.0949834853994462,-0.041836592523817606,-0.04140823693761315,-0.02002033492311989,-0.15272663946236914,0.25449616279398096,-0.184213657142194,-0.11911032409338138
PC51,-0.06802971388157142,-0.16470484176958491,-0.030565917826170255,0.05208042081510382,0.07207466760015355,-0.04852334702765873,-0.05548590913517338,-0.04700130777090673,0.12269329390923742,-0.005078015398036331,-0.05483458929089232,0.2753625718578159,0.05113226955222523,0.051730124665282116,-0.013618344412843701,-0.09664287850523887,-0.3612641967581672,-0.1933615954254826,0.008677724314187132,-0.0020886511586434287,-0.045651437389533187,0.021992460221424294,-0.039979327212703156,-0.3099925734486674,0.11026941445807215,-0.16694294236951288,0.1671732098599401,-0.21485901769980315,0.04995277088719274,0.12728780712529061,-0.03281361447184414,0.04000949886195532,0.10484205133745053,-0.041572517591032185,0.1627679926185168,-0.05204486732418619,-0.13020208572683195,0.2265212376244702,0.019833882860382755,0.058022600334942685,0.019937427474668187,0.0035758728706777234,0.08483182127784553,0.1078315259574315,-0.20128380352705497,0.03357314150652702,0.05874065340240276,0.06357785911558304,-0.22647572707571922,0.2178727337426063,0.01610916550236934,-0.056343234570747865,-0.03428230609698056,-0.03066249780206275,0.008430721352097981,-0.1556515970324312,0.25573394470868915,0.10769998280821025,0.03890637605014133,0.013903505575220484,-0.10648189651983735,0.056935004177006296,0.07363758204524855,-0.1721752455298953
PC52,-0.22635653943752482,-0.13867828501275886,0.027452731800369057,-0.20182530451610137,0.09530932459022555,0.02316211551399855,0.02263494262288787,-0.025106781453264254,-0.03508961480921898,0.06991094624551092,0.21427623693186795,0.33796997117501143,-0.07031336492701154,-0.17116886920222035,0.06462590969750659,0.07239217370316868,-0.12437996218061029,-0.10015979804106337,0.09505844875283968,0.06574333396374865,0.019082338618015872,0.06770156522997878,0.023366996779458415,0.06406167081082344,0.14930008305907802,0.16103882280404153,-0.19179195875681246,-0.07652924376233602,-0.016616659553383158,0.09976577860123352,0.08790116237896964,-0.04124537085022736,-0.18160510192415286,-0.06497460014226686,-0.215733826691576,-0.09168887553734023,0.04049178214564031,-0.02153491506075516,-0.030499039114653317,-0.1165759491539543,0.06209457596232007,-0.08602611413227215,-0.09034608322066201,-0.09414050042590567,0.18108810495758,-0.05933388921080061,-0.03339635868944665,-0.027177335502304424,-0.18387953764803036,-0.11613379351706471,0.2563759776890492,0.02045670135825405,0.025355218698005354,-0.08228410266012401,0.21351400998668146,0.11103216648239433,0.13850890331538168,0.05901788628865095,-0.031921526371155654,-0.12092540324214882,-0.020560714443706826,-0.2645841500674509,0.11105893358090335,0.18252359346077823
PC53,0.1815787198121456,-0.08194587877982526,0.19195993818037513,0.21452484131034222,-0.18821651983099252,0.11720494260164477,0.11240732228259845,-0.12840346016205517,-0.10962035471458381,-0.025936820080785974,0.08401022028470576,0.07618497101075933,-0.01123463532945937,0.03416440312742852,0.23420683350926436,0.18486281267677784,0.15398274700521455,0.04019791656249262,0.015151246369250006,-0.03029820745345807,-0.028616985504135932,-0.002582404386689968,0.11273066287242921,-0.20858365251541167,0.006567370867196453,-0.26642542343287545,0.12224366539939222,0.039573268626636446,0.06301336590787412,0.09567610886172322,-0.1086930532693656,0.02903442925986044,0.018535668218689967,-0.09251659836689584,0.12030733702007797,-0.226417032042128,0.17625541981135615,0.06291433573430272,0.09270988800181282,-0.11912931164434867,0.051990804835300344,-0.012081929359578858,-0.046592015833449504,-0.01998319228206122,0.11422401822367496,0.003400871939417755,0.20920861813949682,-0.0038256652493762772,-0.12408008584355937,-0.2135846042616198,-0.020141121069380295,0.07990901669686587,0.3162977533087391,0.1037920021202202,0.19620649396527257,-0.11946153689093908,-0.09390987491193428,0.09103682943172989,-0.08050387668607957,0.041040036380362556,-0.04605167814908581,-0.08024228731713971,-0.15599717398282037,0.04674514235334941
PC54,0.008604081862114876,-0.052536542361813335,-0.24105175441730367,-0.11389887619363122,-0.08086714916248175,0.13131046075588734,0.07593706704528676,-0.16400344441288262,-0.11711142003850485,-0.1648524317958561,-0.07351762155345197,0.03952228325855272,-0.03814978712707453,0.007406746414107015,-0.046468105004155075,-0.18995996933517037,-0.0916218780922519,0.21288844458667408,0.029484534335496682,-0.08956812550494643,0.08574519079126545,0.13689563686176937,-0.042878233135836635,0.07090829027700062,0.2331439345084289,0.0003803349260307898,0.04964094971648428,0.38044294449919774,0.0025431590725935455,0.11236788936623165,-0.12306468130586312,0.19439984159625304,0.017206976456036777,-0.10546355304864455,-0.3286952900613002,0.16326781465119758,0.048447233009697645,0.057329794372607504,-0.15616902714479342,-0.06712892582609589,-0.08774799831809052,0.06380537795138712,0.1361351449152498,0.09983128081650933,-0.19284413334520895,-0.033923443517017766,0.06369808930488784,0.12437773381978322,-0.15542395963970304,-0.10385646727646967,0.05487158663912715,0.08572594355125715,0.0135871660227952,0.1613558271138164,0.08317793856666406,0.012445258871753927,0.06011451604113138,-0.1048475918796602,-0.03156759436657587,0.03310229923548298,-0.04395144165188291,0.05865141411421578,-0.1756392227511839,-0.09506691949543349
PC55,0.0023381407414498658,-0.009896404196420247,-0.012594347186718634,0.28235862349729524,0.06833023622600572,-0.07051400584058554,-0.07731740169870331,-0.25843943641039674,-0.3446533309498754,-0.13656334022154887,0.18630447718510676,0.006841657387437486,0.14259873017312957,0.01492754494106267,-0.0479350857826316,0.09917685643377779,0.14405911001860425,-0.08991357377589881,-0.09803525052037927,-0.1470256671380913,-0.05868400784104044,0.1549035065484423,-0.03754085943438738,0.012856383783083292,0.13462477114997573,0.32844522734612835,0.13954929785080447,-0.05527448733330356,0.19060141278807405,-0.11178236393394853,0.027342159234332447,0.1489022763404467,0.19251364308659477,0.0007209720398645147,0.009178971891784824,0.05379182963564685,-0.1145682848809603,0.010195671497769457,0.053876602570438775,-0.04856147423536081,0.014661136489575816,0.13649941075033414,-0.07099888705531149,-0.008065896629148028,0.04518500327686746,-0.06128957933908064,-0.057759372146667286,-0.05573844795266429,-0.24153066164443898,-0.0024158584977947567,-0.024084219358370768,-0.05436509839777179,-0.09925151843479603,-0.06590556491331317,-0.15771908913826665,0.18638388803615036,-0.1327496281113662,0.15968106037201021,-0.08260554010068454,-0.007080767611390204,0.05136029403048736,-0.07781987485376553,0.11594103514457123,-0.14430890620908818
PC56,0.1798270630498023,-0.08458106217846542,-0.278107518414116,-0.26019415841580223,-0.1677044892468208,0.11019619501298958,-0.10050736041463018,0.22627755315494533,-0.047831243277987524,0.07734047686626172,0.07561314468098221,0.03160065895703183,-0.22471363076241818,0.35425150087036616,-0.16599312851880962,-0.020901957908638948,0.11147716840719052,0.04186945229966836,-0.026835986300635092,-0.0762861431168684,-0.23684823380983494,-0.0007913154294978998,-0.010720103667229378,-0.03971958365128186,0.10401769301890874,-0.060986984316492715,0.10612070882701266,-0.16318206395918655,0.07553126619742653,0.039383769138162106,0.00030579660329940056,-0.0687275027564298,0.03356261690895124,0.09414043961145876,0.09266356984598298,-0.16350714907103578,-0.025647592322003317,0.025749140207356698,-0.12468921254612131,-0.012139679440887802,0.0028661332594742406,-0.13649197038478106,0.024662564396760456,-0.09291005748625802,0.16723158151887751,-0.01776573758792096,-0.01456688502394424,-0.026901137318109496,-0.08116501094438705,-0.18479447945634164,-0.043021093412624486,0.13876087170644955,-0.2773398537774983,-0.019274865095585923,-0.03765863040906292,0.084221542851937,-0.029139819866373696,-0.010215526784223938,-0.1333026147160561,-0.1618551216348097,-0.06234620703398581,-0.05586807380364553,-0.07414200551108523,-0.1658817391743474
PC57,0.0007933038089558366,0.23620847358498018,-0.10894535446480766,0.2419521936501159,-0.06352639530740381,0.08446813926456218,0.04300219859444296,-0.040232924900212755,0.36904057952503966,0.03738580954138818,0.04955944149880848,0.2607832918388928,0.058742691256208984,-0.22603739964464262,-0.13018234455401606,0.03801601767310636,-0.08925758504074065,0.20602616020390072,0.11321030521054119,0.13600923410783372,-0.1436743878336655,-0.17073294964294938,-0.1690310454389883,-0.0829382557157037,0.12381852865854746,0.007045702921347076,0.09770808175588026,0.05596200915792647,0.06720425109594522,-0.09183308564524195,0.08965345075524905,-0.06056150843679015,-0.09307420461059998,-0.07799075737394472,-0.0011981773721561496,-0.18075884002860843,0.13177415672664206,0.1455451121516084,-0.03393453252283013,-0.023484683213302625,-0.056689674180475776,0.007458642073087031,-0.10627871878478037,0.0647378266667785,-0.1579838866568659,0.07249415047952737,-0.13068850599567855,0.04666134892383943,0.022193414135415257,-0.11880271036999003,-0.005349239296855549,0.133324361574497,-0.09152524289485434,-0.05923044658288905,-0.14922134047248428,0.22602994427445933,-0.2680085103334527,0.031952613240110395,-0.028099867003759688,0.07227962863896978,0.05836788549602732,-0.04565097896409426,-0.024029149175255067,-0.000271224662653554
PC58,0.23808549966677847,-0.2661737971444328,0.33654690762329975,-0.1436041747358407,-0.08596752770062946,-0.1333953356969337,0.059622519731369256,-0.10553631471562014,0.27950614446019745,0.22703598546722853,-0.05759545441172889,-0.030688381767181853,-0.10109487718609672,-0.2597244066320207,-0.11670410514971222,0.01269783230782473,0.011934247287813888,-0.10782890184244515,-0.10652706257667768,-0.03250010889053789,0.051360888732726546,0.012222185680140267,0.03608536831921186,0.046020952135127594,0.1421603079100911,0.026955668910288937,0.14857988958911,0.006604219344952887,-0.002371064342580463,0.021778103899730415,-0.10308504194577692,0.032596151412948,0.03028321782626718,0.07239777350166034,-0.08006505980556113,0.20807034195770432,-0.13677121010278254,0.024407217985914265,-0.06431757757082517,0.05977783194103723,0.020138604306407484,-0.013604816115371846,0.1898396553887796,0.06215150922163811,0.07974615670828662,-0.020144746966081012,0.03882639443525027,0.12752638943851582,0.07309480709531871,-0.01123878298073059,-0.029026564803800607,-0.0033889870278810547,0.06497647200070387,-0.06927242529022978,0.0905802524056084,0.18485917912282204,-0.3005080068690686,0.11204409070419928,-0.087259375031989,-0.1988847982965839,-0.1050235614030798,0.005033288006233427,0.041678371916104656,-0.13880392802372812
PC59,0.09861427110308131,0.08491323641283921,0.1470306149865785,0.10325985696284028,0.03052873541101171,-0.12694670968533817,0.0986160106477322,0.17931243303126637,0.023771391810142695,-0.040551701487936825,0.03443066763374131,-0.018310709010590627,0.13759691716776715,0.18921415924209342,-0.05327794708566754,-0.12975853494651027,-0.15192735669520674,-0.27892416895712924,-0.01116907083781011,0.11985442862762062,-0.18199912461716758,0.07465880143374157,-0.1601622996718252,0.25555171710405994,-0.07004989902757988,-0.1356035269483003,0.1577247702947399,0.2115013973608511,0.12437864251355102,0.0947187797030977,0.0163652056301212,0.06414370235440732,0.05960676771364921,-0.034456325139649004,-0.08443296593569154,-0.1316730049792369,-0.022714707441988766,-0.12663954653752027,-0.046000877159397005,0.07388880050201271,0.0859557686664465,-0.11131234911781884,-0.19332381215521352,0.024817445973155494,0.12113465566180696,-0.030655456864349843,-0.16741838943190365,0.0953015453779171,0.07435675415463167,-0.020230162657324413,0.22119816709146956,-0.06005002060162838,0.012025009982279889,0.2609085118403121,0.2152660802317899,0.17303493954166765,0.04469480831945427,0.150724616875319,0.07157941912464925,0.10933704751469028,0.10350757618856501,0.04254310917392829,-0.030358088846046422,-0.15786714102368848
PC60,-0.2852474139653283,0.2047858035720011,0.21313904948819784,-0.022036520027061163,-0.12109834791711048,-0.08251353251269887,-0.05125297719813432,0.051151880466594024,-0.16817944082980169,0.14432838492483935,0.16739785747114488,-0.16945520370574024,-0.31287679584718353,-0.0861095328578532,0.12429801788273188,-0.22343066199428763,-0.1031850269837731,0.0962990099704915,0.1662388635724966,0.1081952335281579,0.027636678424201155,-0.04664622224690785,0.04315396287258774,-0.032328656155482235,0.07313094103901525,-0.2083653981803257,-0.007372819187197191,0.14803498875558602,0.053292195323782314,-0.00010386832009121744,-0.14935644920317923,-0.02845760052163218,0.021952822652761956,-0.1723931264440537,0.2897909009959045,0.11630716860426095,-0.0412356646996557,0.09028638026699802,0.07519761783683246,0.019519179718805273,0.05362444746046404,0.15323633582916416,0.08830440387263513,-0.026283584687604312,0.11711411816033264,0.04285203108715751,-0.14165591732118615,0.03975908608557382,-0.207654610659892,-0.1070089422698956,0.020039068161130644,-0.1582612307062144,-0.1413035477483403,0.035711311952643675,-0.06647256854385108,0.14593324325065982,-0.039812779278947746,-0.08889566434678473,0.01943098812281925,-0.0595440976451249,0.044301667594633116,0.007994269902393833,0.062188032008856454,-0.061770864818579935
PC61,-0.18964289090939332,0.10685705812373356,0.028092805381593935,-0.017943093322739134,0.1558452659245348,-0.10092308986753126,0.14778033420191056,-0.21895926693967172,0.043588620705394356,0.3649390253419105,-0.09061446518576438,0.11279120731070313,-0.0768761651677271,0.12025602611573188,0.24907455316661234,-0.02836526413248966,0.21203380497388602,0.056020305045357856,0.01688562573825554,-0.042852428042749115,-0.17388078464018214,-0.09637709140000908,0.15866142789915547,0.03366959100667881,-0.15823482403381756,-0.031850961441882014,0.3252997599592711,0.019214644479533596,0.018266393442761916,0.04944176450213011,0.04972549625114608,0.005028497400551203,-0.07549983399557375,0.1310903034412766,-0.17982770035440968,0.029154615867528214,-0.04521566510937317,-0.06009341634350183,0.008303127722262382,-0.12469634249601932,-0.15237400290639516,-0.058692099993434776,0.07071027805105029,0.0383764114598846,0.05152922824401757,0.008848842509985105,0.1997735765810687,0.04839558333983242,-0.02397343668736033,0.053510467933030985,-0.0003493972486183633,0.10018835473267709,-0.0756770523246442,0.0010624233465900412,-0.171120720792457,0.22020845977914622,0.2639088220679643,0.0566530715736491,-0.019269152641034584,0.11396664992035105,0.08894540403972434,0.08617956216003564,-0.01829818869974715,-0.011022302740765537
PC62,-0.16919799549837805,0.00393841987503573,0.08679880363948031,-0.26812151394370326,0.10501783528306549,-0.09535138832952503,0.0724180741209706,0.013901611719940005,0.07520624343123303,-0.12500340166608065,0.054186823604613334,-0.07065673059105493,0.02258888232767365,0.10127423006759119,-0.08434131999797388,0.013427418602368617,0.18140982127085825,-0.0707551399316222,0.0071835951475424965,0.044799843553741926,-0.06579015146827455,-0.10081410986987788,-0.09628854672705804,0.05731612883572419,0.06261010531176757,-0.0234315800748702,0.062221768245507694,0.1524635182070213,0.033118692074438634,0.1003814025231411,0.10361849609206708,0.043777477334913766,-0.05925020002868449,-0.10218373557490079,0.07588464276972937,-0.1832778218964484,0.17579179822563035,-0.017039063130466197,-0.10068785855118642,-0.1618498800733248,-0.08098465482647654,0.27192285843815733,0.1230570927123692,0.1474367833457915,0.04438754365406862,-0.1289332844464308,0.08298570899064137,0.07070955959658178,-0.030328006626783446,0.12585642558620103,0.16224402192529966,0.12825769148317742,-0.023487996404437286,0.017119590451988246,-0.1802998840747831,-0.4001575487769433,-0.232576705197002,0.20265199072971152,-0.05833040806441664,-0.07595233415782987,0.05733790451879421,0.036469954880903856,0.2569412492917892,-0.0005766098654859317
PC63,-0.03818825306090166,-0.4445501282607699,0.004656188079694817,0.09585852123172015,0.06263497572073774,0.27568412469473186,0.046276395938595234,-0.14973740758690465,0.11510148769468048,-0.09038063222775726,0.07618183086372872,-0.032965357426519716,-0.11049508096984334,0.09503639600086367,-0.10009412774747657,-0.06705690526436202,0.11547508909154536,-0.039884286733726626,-0.020513698118217766,0.05118803489382522,-0.09527242650390585,-0.06223179997041475,0.021801238912067332,0.15323167886215638,-0.04592522765734995,-0.12956309752627015,-0.18349149652237368,0.12094935017068359,-0.09601228093391893,0.05386840626095632,0.068015696493332,0.11644628095521445,0.012729790788681548,-0.0041045312877076474,0.1885110513806885,0.028228548201813752,0.14660650501260572,0.0542788672291172,0.05434752663034395,-0.19051940848218768,0.12142343792201965,0.10240904019180394,-0.16932852771618287,-0.10441884463313683,-0.1064144141495628,0.08452737226785703,-0.03488352438846709,0.19341400214873544,0.14831532868159333,0.035671722798866976,0.0006284939384243321,-0.1688675259387439,0.041607944578523695,-0.07164628405203903,-0.2570594473112391,0.2398694311085524,0.19368682703741455,0.07969180431427485,0.02857272315382877,-0.13825730776809078,-0.013580668157260042,0.013131868495511213,-0.04259626354273302,-0.02105466392282919
PC64,-0.041383487735014386,0.0016039124099693405,-0.020427425860438247,0.017133091145948992,0.049316138049821406,0.17651340526280587,0.10120690875753077,0.41924389329181483,-0.34841253170239883,-0.06865037095848407,-0.042296984996407355,0.06796951164431296,-0.1287861248248593,-0.4713594356674224,-0.17176953726338212,0.07028613067781474,-0.00805824660763498,0.005718624738046005,-0.05930171298131223,-0.11401516590927638,-0.06862711337368077,-0.10722722137894006,0.07270234365571528,0.07795053931746068,-0.28904858697756175,-0.07895990479486291,0.14758723863038165,-0.036274488345113765,0.14569116890337946,0.06205771634599774,0.12234437281573333,0.0969686978555077,-0.10324983608069704,-0.025392816129165767,-0.02443276080833362,-0.09527586507922961,-0.14297420644594525,0.04827458276658398,0.002903343109812065,-0.023013020192112293,-0.061238581909083226,0.07365311275242391,0.003103050081146079,0.02901062390476772,-0.14936389175635367,-0.08258152103056696,0.13943350999779167,0.06817850115334091,0.0026093120078447725,0.06326224514040821,-0.03047294586845179,0.004235565034759761,0.0746745045648202,0.0021330290341371287,0.01984761767703791,0.0735863202067321,0.019117320697443214,0.03889783493333628,-0.0359911567331321,-0.15607278027094246,0.03908705426175628,0.06738926835654284,-0.022272385940053117,-0.08810247640393404
